#pragma once

static const unsigned int battmon_dex_len = 33260;
static const unsigned char battmon_dex[] = {
0x64, 0x65, 0x78, 0x0a, 0x30, 0x33, 0x35, 0x00, 0x0c, 0x19, 0x51, 0x36, 0x19, 0x82, 0xd9, 0xb2, 
0x74, 0xb7, 0x3d, 0xbc, 0xc5, 0xc0, 0xe9, 0x08, 0xcc, 0xcd, 0xff, 0x22, 0xc1, 0xe8, 0x51, 0x86, 
0xec, 0x81, 0x00, 0x00, 0x70, 0x00, 0x00, 0x00, 0x78, 0x56, 0x34, 0x12, 0x00, 0x00, 0x00, 0x00, 
0x00, 0x00, 0x00, 0x00, 0x1c, 0x81, 0x00, 0x00, 0x41, 0x02, 0x00, 0x00, 0x70, 0x00, 0x00, 0x00, 
0x5e, 0x00, 0x00, 0x00, 0x74, 0x09, 0x00, 0x00, 0x7f, 0x00, 0x00, 0x00, 0xec, 0x0a, 0x00, 0x00, 
0x83, 0x00, 0x00, 0x00, 0xe0, 0x10, 0x00, 0x00, 0x02, 0x01, 0x00, 0x00, 0xf8, 0x14, 0x00, 0x00, 
0x11, 0x00, 0x00, 0x00, 0x08, 0x1d, 0x00, 0x00, 0xc4, 0x62, 0x00, 0x00, 0x28, 0x1f, 0x00, 0x00, 
0x20, 0x57, 0x00, 0x00, 0x22, 0x57, 0x00, 0x00, 0x25, 0x57, 0x00, 0x00, 0x29, 0x57, 0x00, 0x00, 
0x2e, 0x57, 0x00, 0x00, 0x36, 0x57, 0x00, 0x00, 0x3e, 0x57, 0x00, 0x00, 0x4a, 0x57, 0x00, 0x00, 
0x51, 0x57, 0x00, 0x00, 0x5e, 0x57, 0x00, 0x00, 0x66, 0x57, 0x00, 0x00, 0x72, 0x57, 0x00, 0x00, 
0x7d, 0x57, 0x00, 0x00, 0x8c, 0x57, 0x00, 0x00, 0x96, 0x57, 0x00, 0x00, 0xa1, 0x57, 0x00, 0x00, 
0xc9, 0x57, 0x00, 0x00, 0xce, 0x57, 0x00, 0x00, 0x23, 0x58, 0x00, 0x00, 0x26, 0x58, 0x00, 0x00, 
0x30, 0x58, 0x00, 0x00, 0x4a, 0x58, 0x00, 0x00, 0x65, 0x58, 0x00, 0x00, 0x7b, 0x58, 0x00, 0x00, 
0x94, 0x58, 0x00, 0x00, 0xa7, 0x58, 0x00, 0x00, 0xc1, 0x58, 0x00, 0x00, 0xd9, 0x58, 0x00, 0x00, 
0xf6, 0x58, 0x00, 0x00, 0x0d, 0x59, 0x00, 0x00, 0x29, 0x59, 0x00, 0x00, 0x3c, 0x59, 0x00, 0x00, 
0x58, 0x59, 0x00, 0x00, 0x72, 0x59, 0x00, 0x00, 0x85, 0x59, 0x00, 0x00, 0x99, 0x59, 0x00, 0x00, 
0xb1, 0x59, 0x00, 0x00, 0xc7, 0x59, 0x00, 0x00, 0xe1, 0x59, 0x00, 0x00, 0xfe, 0x59, 0x00, 0x00, 
0x15, 0x5a, 0x00, 0x00, 0x31, 0x5a, 0x00, 0x00, 0x44, 0x5a, 0x00, 0x00, 0x61, 0x5a, 0x00, 0x00, 
0x70, 0x5a, 0x00, 0x00, 0x85, 0x5a, 0x00, 0x00, 0x9a, 0x5a, 0x00, 0x00, 0xb5, 0x5a, 0x00, 0x00, 
0xd7, 0x5a, 0x00, 0x00, 0xe9, 0x5a, 0x00, 0x00, 0x07, 0x5b, 0x00, 0x00, 0x20, 0x5b, 0x00, 0x00, 
0x41, 0x5b, 0x00, 0x00, 0x59, 0x5b, 0x00, 0x00, 0x70, 0x5b, 0x00, 0x00, 0x84, 0x5b, 0x00, 0x00, 
0x98, 0x5b, 0x00, 0x00, 0x9c, 0x5b, 0x00, 0x00, 0xa2, 0x5b, 0x00, 0x00, 0xac, 0x5b, 0x00, 0x00, 
0xb6, 0x5b, 0x00, 0x00, 0xcf, 0x5b, 0x00, 0x00, 0xf4, 0x5b, 0x00, 0x00, 0x15, 0x5c, 0x00, 0x00, 
0x42, 0x5c, 0x00, 0x00, 0x63, 0x5c, 0x00, 0x00, 0x7f, 0x5c, 0x00, 0x00, 0xa3, 0x5c, 0x00, 0x00, 
0xab, 0x5c, 0x00, 0x00, 0xb1, 0x5c, 0x00, 0x00, 0xb8, 0x5c, 0x00, 0x00, 0xbf, 0x5c, 0x00, 0x00, 
0xc5, 0x5c, 0x00, 0x00, 0xce, 0x5c, 0x00, 0x00, 0xd8, 0x5c, 0x00, 0x00, 0xe0, 0x5c, 0x00, 0x00, 
0xf7, 0x5c, 0x00, 0x00, 0x0c, 0x5d, 0x00, 0x00, 0x1d, 0x5d, 0x00, 0x00, 0x26, 0x5d, 0x00, 0x00, 
0x41, 0x5d, 0x00, 0x00, 0x4f, 0x5d, 0x00, 0x00, 0x64, 0x5d, 0x00, 0x00, 0x74, 0x5d, 0x00, 0x00, 
0x89, 0x5d, 0x00, 0x00, 0x9b, 0x5d, 0x00, 0x00, 0xa6, 0x5d, 0x00, 0x00, 0xd5, 0x5d, 0x00, 0x00, 
0xd8, 0x5d, 0x00, 0x00, 0xe7, 0x5d, 0x00, 0x00, 0x05, 0x5e, 0x00, 0x00, 0x11, 0x5e, 0x00, 0x00, 
0x1e, 0x5e, 0x00, 0x00, 0x35, 0x5e, 0x00, 0x00, 0x3f, 0x5e, 0x00, 0x00, 0x58, 0x5e, 0x00, 0x00, 
0x6d, 0x5e, 0x00, 0x00, 0x70, 0x5e, 0x00, 0x00, 0x84, 0x5e, 0x00, 0x00, 0x88, 0x5e, 0x00, 0x00, 
0x96, 0x5e, 0x00, 0x00, 0x9b, 0x5e, 0x00, 0x00, 0xe1, 0x5e, 0x00, 0x00, 0x1d, 0x5f, 0x00, 0x00, 
0x28, 0x5f, 0x00, 0x00, 0x3e, 0x5f, 0x00, 0x00, 0x41, 0x5f, 0x00, 0x00, 0x47, 0x5f, 0x00, 0x00, 
0x4b, 0x5f, 0x00, 0x00, 0x4e, 0x5f, 0x00, 0x00, 0x52, 0x5f, 0x00, 0x00, 0x57, 0x5f, 0x00, 0x00, 
0x5b, 0x5f, 0x00, 0x00, 0x60, 0x5f, 0x00, 0x00, 0x66, 0x5f, 0x00, 0x00, 0x6b, 0x5f, 0x00, 0x00, 
0x71, 0x5f, 0x00, 0x00, 0x7e, 0x5f, 0x00, 0x00, 0x81, 0x5f, 0x00, 0x00, 0x85, 0x5f, 0x00, 0x00, 
0x8a, 0x5f, 0x00, 0x00, 0x8e, 0x5f, 0x00, 0x00, 0x91, 0x5f, 0x00, 0x00, 0x95, 0x5f, 0x00, 0x00, 
0x99, 0x5f, 0x00, 0x00, 0x9d, 0x5f, 0x00, 0x00, 0xa1, 0x5f, 0x00, 0x00, 0xa5, 0x5f, 0x00, 0x00, 
0xa9, 0x5f, 0x00, 0x00, 0xae, 0x5f, 0x00, 0x00, 0xb4, 0x5f, 0x00, 0x00, 0xba, 0x5f, 0x00, 0x00, 
0xbf, 0x5f, 0x00, 0x00, 0xc5, 0x5f, 0x00, 0x00, 0xcb, 0x5f, 0x00, 0x00, 0xd2, 0x5f, 0x00, 0x00, 
0xd7, 0x5f, 0x00, 0x00, 0xdb, 0x5f, 0x00, 0x00, 0x00, 0x60, 0x00, 0x00, 0x1b, 0x60, 0x00, 0x00, 
0x35, 0x60, 0x00, 0x00, 0x55, 0x60, 0x00, 0x00, 0x76, 0x60, 0x00, 0x00, 0x91, 0x60, 0x00, 0x00, 
0xb7, 0x60, 0x00, 0x00, 0xd1, 0x60, 0x00, 0x00, 0xee, 0x60, 0x00, 0x00, 0x0a, 0x61, 0x00, 0x00, 
0x25, 0x61, 0x00, 0x00, 0x3b, 0x61, 0x00, 0x00, 0x57, 0x61, 0x00, 0x00, 0x6c, 0x61, 0x00, 0x00, 
0x87, 0x61, 0x00, 0x00, 0xa1, 0x61, 0x00, 0x00, 0xc0, 0x61, 0x00, 0x00, 0xd4, 0x61, 0x00, 0x00, 
0xef, 0x61, 0x00, 0x00, 0x20, 0x62, 0x00, 0x00, 0x35, 0x62, 0x00, 0x00, 0x5c, 0x62, 0x00, 0x00, 
0x76, 0x62, 0x00, 0x00, 0x91, 0x62, 0x00, 0x00, 0xbd, 0x62, 0x00, 0x00, 0xd8, 0x62, 0x00, 0x00, 
0x09, 0x63, 0x00, 0x00, 0x22, 0x63, 0x00, 0x00, 0x3b, 0x63, 0x00, 0x00, 0x54, 0x63, 0x00, 0x00, 
0x6d, 0x63, 0x00, 0x00, 0x86, 0x63, 0x00, 0x00, 0xa1, 0x63, 0x00, 0x00, 0xba, 0x63, 0x00, 0x00, 
0xd3, 0x63, 0x00, 0x00, 0xec, 0x63, 0x00, 0x00, 0x05, 0x64, 0x00, 0x00, 0x1c, 0x64, 0x00, 0x00, 
0x3e, 0x64, 0x00, 0x00, 0x5e, 0x64, 0x00, 0x00, 0x85, 0x64, 0x00, 0x00, 0xa3, 0x64, 0x00, 0x00, 
0xbe, 0x64, 0x00, 0x00, 0xe2, 0x64, 0x00, 0x00, 0x07, 0x65, 0x00, 0x00, 0x27, 0x65, 0x00, 0x00, 
0x4a, 0x65, 0x00, 0x00, 0x69, 0x65, 0x00, 0x00, 0x85, 0x65, 0x00, 0x00, 0x95, 0x65, 0x00, 0x00, 
0xb0, 0x65, 0x00, 0x00, 0xc5, 0x65, 0x00, 0x00, 0xdf, 0x65, 0x00, 0x00, 0xf2, 0x65, 0x00, 0x00, 
0x0b, 0x66, 0x00, 0x00, 0x1f, 0x66, 0x00, 0x00, 0x36, 0x66, 0x00, 0x00, 0x4b, 0x66, 0x00, 0x00, 
0x5d, 0x66, 0x00, 0x00, 0x71, 0x66, 0x00, 0x00, 0x87, 0x66, 0x00, 0x00, 0x9b, 0x66, 0x00, 0x00, 
0xb6, 0x66, 0x00, 0x00, 0xca, 0x66, 0x00, 0x00, 0xe1, 0x66, 0x00, 0x00, 0x04, 0x67, 0x00, 0x00, 
0x28, 0x67, 0x00, 0x00, 0x4a, 0x67, 0x00, 0x00, 0x72, 0x67, 0x00, 0x00, 0x91, 0x67, 0x00, 0x00, 
0xac, 0x67, 0x00, 0x00, 0xd3, 0x67, 0x00, 0x00, 0xef, 0x67, 0x00, 0x00, 0x0a, 0x68, 0x00, 0x00, 
0x21, 0x68, 0x00, 0x00, 0x37, 0x68, 0x00, 0x00, 0x49, 0x68, 0x00, 0x00, 0x5d, 0x68, 0x00, 0x00, 
0x8a, 0x68, 0x00, 0x00, 0xa5, 0x68, 0x00, 0x00, 0xc0, 0x68, 0x00, 0x00, 0xd7, 0x68, 0x00, 0x00, 
0xe7, 0x68, 0x00, 0x00, 0xf7, 0x68, 0x00, 0x00, 0x06, 0x69, 0x00, 0x00, 0x13, 0x69, 0x00, 0x00, 
0x1f, 0x69, 0x00, 0x00, 0x2d, 0x69, 0x00, 0x00, 0x33, 0x69, 0x00, 0x00, 0x3c, 0x69, 0x00, 0x00, 
0x4e, 0x69, 0x00, 0x00, 0x60, 0x69, 0x00, 0x00, 0x6c, 0x69, 0x00, 0x00, 0x75, 0x69, 0x00, 0x00, 
0x82, 0x69, 0x00, 0x00, 0x87, 0x69, 0x00, 0x00, 0x8d, 0x69, 0x00, 0x00, 0x90, 0x69, 0x00, 0x00, 
0x95, 0x69, 0x00, 0x00, 0x99, 0x69, 0x00, 0x00, 0x9d, 0x69, 0x00, 0x00, 0xa7, 0x69, 0x00, 0x00, 
0xac, 0x69, 0x00, 0x00, 0xb1, 0x69, 0x00, 0x00, 0xb6, 0x69, 0x00, 0x00, 0xba, 0x69, 0x00, 0x00, 
0xbf, 0x69, 0x00, 0x00, 0xc5, 0x69, 0x00, 0x00, 0xcb, 0x69, 0x00, 0x00, 0xd2, 0x69, 0x00, 0x00, 
0xd7, 0x69, 0x00, 0x00, 0xdd, 0x69, 0x00, 0x00, 0xe3, 0x69, 0x00, 0x00, 0xe8, 0x69, 0x00, 0x00, 
0xee, 0x69, 0x00, 0x00, 0xf4, 0x69, 0x00, 0x00, 0xf9, 0x69, 0x00, 0x00, 0xfd, 0x69, 0x00, 0x00, 
0x09, 0x6a, 0x00, 0x00, 0x30, 0x6a, 0x00, 0x00, 0x33, 0x6a, 0x00, 0x00, 0x61, 0x6a, 0x00, 0x00, 
0x64, 0x6a, 0x00, 0x00, 0x68, 0x6a, 0x00, 0x00, 0x6c, 0x6a, 0x00, 0x00, 0x71, 0x6a, 0x00, 0x00, 
0x76, 0x6a, 0x00, 0x00, 0x7a, 0x6a, 0x00, 0x00, 0x7e, 0x6a, 0x00, 0x00, 0x92, 0x6a, 0x00, 0x00, 
0xa7, 0x6a, 0x00, 0x00, 0xbc, 0x6a, 0x00, 0x00, 0xea, 0x6a, 0x00, 0x00, 0xef, 0x6a, 0x00, 0x00, 
0xfc, 0x6a, 0x00, 0x00, 0x01, 0x6b, 0x00, 0x00, 0x0c, 0x6b, 0x00, 0x00, 0x1d, 0x6b, 0x00, 0x00, 
0x3d, 0x6b, 0x00, 0x00, 0x4c, 0x6b, 0x00, 0x00, 0x55, 0x6b, 0x00, 0x00, 0x7c, 0x6b, 0x00, 0x00, 
0xa9, 0x6b, 0x00, 0x00, 0xcb, 0x6b, 0x00, 0x00, 0xec, 0x6b, 0x00, 0x00, 0x10, 0x6c, 0x00, 0x00, 
0x32, 0x6c, 0x00, 0x00, 0x3a, 0x6c, 0x00, 0x00, 0x47, 0x6c, 0x00, 0x00, 0x57, 0x6c, 0x00, 0x00, 
0x6c, 0x6c, 0x00, 0x00, 0x77, 0x6c, 0x00, 0x00, 0x7f, 0x6c, 0x00, 0x00, 0x8b, 0x6c, 0x00, 0x00, 
0x93, 0x6c, 0x00, 0x00, 0x99, 0x6c, 0x00, 0x00, 0xa9, 0x6c, 0x00, 0x00, 0xb8, 0x6c, 0x00, 0x00, 
0xbf, 0x6c, 0x00, 0x00, 0xc6, 0x6c, 0x00, 0x00, 0xe7, 0x6c, 0x00, 0x00, 0x18, 0x6d, 0x00, 0x00, 
0x56, 0x6d, 0x00, 0x00, 0x5f, 0x6d, 0x00, 0x00, 0x6c, 0x6d, 0x00, 0x00, 0x77, 0x6d, 0x00, 0x00, 
0x81, 0x6d, 0x00, 0x00, 0x8f, 0x6d, 0x00, 0x00, 0x98, 0x6d, 0x00, 0x00, 0xa0, 0x6d, 0x00, 0x00, 
0xb0, 0x6d, 0x00, 0x00, 0xb3, 0x6d, 0x00, 0x00, 0xbc, 0x6d, 0x00, 0x00, 0xc5, 0x6d, 0x00, 0x00, 
0xcf, 0x6d, 0x00, 0x00, 0xda, 0x6d, 0x00, 0x00, 0xdd, 0x6d, 0x00, 0x00, 0xee, 0x6d, 0x00, 0x00, 
0xf7, 0x6d, 0x00, 0x00, 0x05, 0x6e, 0x00, 0x00, 0x0d, 0x6e, 0x00, 0x00, 0x1f, 0x6e, 0x00, 0x00, 
0x26, 0x6e, 0x00, 0x00, 0x30, 0x6e, 0x00, 0x00, 0x38, 0x6e, 0x00, 0x00, 0x3d, 0x6e, 0x00, 0x00, 
0x4c, 0x6e, 0x00, 0x00, 0x5d, 0x6e, 0x00, 0x00, 0x6b, 0x6e, 0x00, 0x00, 0x74, 0x6e, 0x00, 0x00, 
0x7c, 0x6e, 0x00, 0x00, 0x8d, 0x6e, 0x00, 0x00, 0x99, 0x6e, 0x00, 0x00, 0xa6, 0x6e, 0x00, 0x00, 
0xab, 0x6e, 0x00, 0x00, 0xb6, 0x6e, 0x00, 0x00, 0xcd, 0x6e, 0x00, 0x00, 0xd9, 0x6e, 0x00, 0x00, 
0xe8, 0x6e, 0x00, 0x00, 0xf8, 0x6e, 0x00, 0x00, 0x04, 0x6f, 0x00, 0x00, 0x19, 0x6f, 0x00, 0x00, 
0x2b, 0x6f, 0x00, 0x00, 0x3e, 0x6f, 0x00, 0x00, 0x51, 0x6f, 0x00, 0x00, 0x61, 0x6f, 0x00, 0x00, 
0x68, 0x6f, 0x00, 0x00, 0x75, 0x6f, 0x00, 0x00, 0x82, 0x6f, 0x00, 0x00, 0x8d, 0x6f, 0x00, 0x00, 
0x9c, 0x6f, 0x00, 0x00, 0xa8, 0x6f, 0x00, 0x00, 0xb3, 0x6f, 0x00, 0x00, 0xbc, 0x6f, 0x00, 0x00, 
0xc7, 0x6f, 0x00, 0x00, 0xdd, 0x6f, 0x00, 0x00, 0xeb, 0x6f, 0x00, 0x00, 0xfd, 0x6f, 0x00, 0x00, 
0x06, 0x70, 0x00, 0x00, 0x14, 0x70, 0x00, 0x00, 0x21, 0x70, 0x00, 0x00, 0x30, 0x70, 0x00, 0x00, 
0x39, 0x70, 0x00, 0x00, 0x43, 0x70, 0x00, 0x00, 0x4c, 0x70, 0x00, 0x00, 0x56, 0x70, 0x00, 0x00, 
0x5c, 0x70, 0x00, 0x00, 0x64, 0x70, 0x00, 0x00, 0x67, 0x70, 0x00, 0x00, 0x79, 0x70, 0x00, 0x00, 
0x8a, 0x70, 0x00, 0x00, 0x98, 0x70, 0x00, 0x00, 0x9e, 0x70, 0x00, 0x00, 0xb6, 0x70, 0x00, 0x00, 
0xea, 0x70, 0x00, 0x00, 0xf4, 0x70, 0x00, 0x00, 0x00, 0x71, 0x00, 0x00, 0x08, 0x71, 0x00, 0x00, 
0x1c, 0x71, 0x00, 0x00, 0x28, 0x71, 0x00, 0x00, 0x35, 0x71, 0x00, 0x00, 0x42, 0x71, 0x00, 0x00, 
0x4b, 0x71, 0x00, 0x00, 0x5a, 0x71, 0x00, 0x00, 0x61, 0x71, 0x00, 0x00, 0x6b, 0x71, 0x00, 0x00, 
0x8c, 0x71, 0x00, 0x00, 0x9a, 0x71, 0x00, 0x00, 0xa7, 0x71, 0x00, 0x00, 0xaf, 0x71, 0x00, 0x00, 
0xb5, 0x71, 0x00, 0x00, 0xc1, 0x71, 0x00, 0x00, 0xc4, 0x71, 0x00, 0x00, 0xc8, 0x71, 0x00, 0x00, 
0xd9, 0x71, 0x00, 0x00, 0xe9, 0x71, 0x00, 0x00, 0xfa, 0x71, 0x00, 0x00, 0x08, 0x72, 0x00, 0x00, 
0x19, 0x72, 0x00, 0x00, 0x27, 0x72, 0x00, 0x00, 0x32, 0x72, 0x00, 0x00, 0x3b, 0x72, 0x00, 0x00, 
0x42, 0x72, 0x00, 0x00, 0x51, 0x72, 0x00, 0x00, 0x59, 0x72, 0x00, 0x00, 0x61, 0x72, 0x00, 0x00, 
0x6c, 0x72, 0x00, 0x00, 0x7d, 0x72, 0x00, 0x00, 0x8b, 0x72, 0x00, 0x00, 0x95, 0x72, 0x00, 0x00, 
0xab, 0x72, 0x00, 0x00, 0xb9, 0x72, 0x00, 0x00, 0xc6, 0x72, 0x00, 0x00, 0xd8, 0x72, 0x00, 0x00, 
0xe4, 0x72, 0x00, 0x00, 0xee, 0x72, 0x00, 0x00, 0xf5, 0x72, 0x00, 0x00, 0x00, 0x73, 0x00, 0x00, 
0x0a, 0x73, 0x00, 0x00, 0x17, 0x73, 0x00, 0x00, 0x24, 0x73, 0x00, 0x00, 0x34, 0x73, 0x00, 0x00, 
0x3e, 0x73, 0x00, 0x00, 0x4c, 0x73, 0x00, 0x00, 0x5a, 0x73, 0x00, 0x00, 0x68, 0x73, 0x00, 0x00, 
0x7b, 0x73, 0x00, 0x00, 0x8f, 0x73, 0x00, 0x00, 0xa1, 0x73, 0x00, 0x00, 0xad, 0x73, 0x00, 0x00, 
0xba, 0x73, 0x00, 0x00, 0xc4, 0x73, 0x00, 0x00, 0xd5, 0x73, 0x00, 0x00, 0xe7, 0x73, 0x00, 0x00, 
0xee, 0x73, 0x00, 0x00, 0xfa, 0x73, 0x00, 0x00, 0x06, 0x74, 0x00, 0x00, 0x18, 0x74, 0x00, 0x00, 
0x24, 0x74, 0x00, 0x00, 0x30, 0x74, 0x00, 0x00, 0x3d, 0x74, 0x00, 0x00, 0x48, 0x74, 0x00, 0x00, 
0x53, 0x74, 0x00, 0x00, 0x63, 0x74, 0x00, 0x00, 0x74, 0x74, 0x00, 0x00, 0x83, 0x74, 0x00, 0x00, 
0x8b, 0x74, 0x00, 0x00, 0x95, 0x74, 0x00, 0x00, 0xa3, 0x74, 0x00, 0x00, 0xaf, 0x74, 0x00, 0x00, 
0xba, 0x74, 0x00, 0x00, 0xc6, 0x74, 0x00, 0x00, 0xd7, 0x74, 0x00, 0x00, 0xec, 0x74, 0x00, 0x00, 
0xf6, 0x74, 0x00, 0x00, 0x07, 0x75, 0x00, 0x00, 0x0c, 0x75, 0x00, 0x00, 0x17, 0x75, 0x00, 0x00, 
0x20, 0x75, 0x00, 0x00, 0x30, 0x75, 0x00, 0x00, 0x3d, 0x75, 0x00, 0x00, 0x48, 0x75, 0x00, 0x00, 
0x55, 0x75, 0x00, 0x00, 0x5e, 0x75, 0x00, 0x00, 0x64, 0x75, 0x00, 0x00, 0x6f, 0x75, 0x00, 0x00, 
0x76, 0x75, 0x00, 0x00, 0x87, 0x75, 0x00, 0x00, 0x8f, 0x75, 0x00, 0x00, 0x9b, 0x75, 0x00, 0x00, 
0xa9, 0x75, 0x00, 0x00, 0xb4, 0x75, 0x00, 0x00, 0xbd, 0x75, 0x00, 0x00, 0xc6, 0x75, 0x00, 0x00, 
0xcb, 0x75, 0x00, 0x00, 0xe5, 0x75, 0x00, 0x00, 0xf2, 0x75, 0x00, 0x00, 0xfa, 0x75, 0x00, 0x00, 
0xff, 0x75, 0x00, 0x00, 0x05, 0x76, 0x00, 0x00, 0x17, 0x76, 0x00, 0x00, 0x1d, 0x76, 0x00, 0x00, 
0x2f, 0x76, 0x00, 0x00, 0x3a, 0x76, 0x00, 0x00, 0x49, 0x76, 0x00, 0x00, 0x51, 0x76, 0x00, 0x00, 
0x5a, 0x76, 0x00, 0x00, 0x65, 0x76, 0x00, 0x00, 0x70, 0x76, 0x00, 0x00, 0x88, 0x76, 0x00, 0x00, 
0xa2, 0x76, 0x00, 0x00, 0xae, 0x76, 0x00, 0x00, 0xb9, 0x76, 0x00, 0x00, 0xc1, 0x76, 0x00, 0x00, 
0xcc, 0x76, 0x00, 0x00, 0xdd, 0x76, 0x00, 0x00, 0xef, 0x76, 0x00, 0x00, 0xff, 0x76, 0x00, 0x00, 
0x11, 0x77, 0x00, 0x00, 0x1a, 0x77, 0x00, 0x00, 0x20, 0x77, 0x00, 0x00, 0x2d, 0x77, 0x00, 0x00, 
0x34, 0x77, 0x00, 0x00, 0x42, 0x77, 0x00, 0x00, 0x4e, 0x77, 0x00, 0x00, 0x67, 0x77, 0x00, 0x00, 
0x6e, 0x77, 0x00, 0x00, 0x74, 0x77, 0x00, 0x00, 0x7e, 0x77, 0x00, 0x00, 0x8e, 0x77, 0x00, 0x00, 
0xa1, 0x77, 0x00, 0x00, 0xaa, 0x77, 0x00, 0x00, 0xb6, 0x77, 0x00, 0x00, 0xc8, 0x77, 0x00, 0x00, 
0xe1, 0x77, 0x00, 0x00, 0xf4, 0x77, 0x00, 0x00, 0x05, 0x78, 0x00, 0x00, 0x21, 0x78, 0x00, 0x00, 
0x31, 0x78, 0x00, 0x00, 0x40, 0x78, 0x00, 0x00, 0x55, 0x78, 0x00, 0x00, 0x68, 0x78, 0x00, 0x00, 
0x79, 0x78, 0x00, 0x00, 0x80, 0x78, 0x00, 0x00, 0x85, 0x78, 0x00, 0x00, 0x94, 0x78, 0x00, 0x00, 
0xa7, 0x78, 0x00, 0x00, 0xb8, 0x78, 0x00, 0x00, 0xc3, 0x78, 0x00, 0x00, 0xd3, 0x78, 0x00, 0x00, 
0xe4, 0x78, 0x00, 0x00, 0xf6, 0x78, 0x00, 0x00, 0x06, 0x79, 0x00, 0x00, 0x16, 0x79, 0x00, 0x00, 
0x2a, 0x79, 0x00, 0x00, 0x42, 0x79, 0x00, 0x00, 0x51, 0x79, 0x00, 0x00, 0x5b, 0x79, 0x00, 0x00, 
0x67, 0x79, 0x00, 0x00, 0x7e, 0x79, 0x00, 0x00, 0x89, 0x79, 0x00, 0x00, 0x9f, 0x79, 0x00, 0x00, 
0xa7, 0x79, 0x00, 0x00, 0xb4, 0x79, 0x00, 0x00, 0xc1, 0x79, 0x00, 0x00, 0xd0, 0x79, 0x00, 0x00, 
0xe0, 0x79, 0x00, 0x00, 0xe6, 0x79, 0x00, 0x00, 0xed, 0x79, 0x00, 0x00, 0x02, 0x7a, 0x00, 0x00, 
0x11, 0x7a, 0x00, 0x00, 0x20, 0x7a, 0x00, 0x00, 0x2c, 0x7a, 0x00, 0x00, 0x34, 0x7a, 0x00, 0x00, 
0x3c, 0x7a, 0x00, 0x00, 0x4a, 0x7a, 0x00, 0x00, 0x57, 0x7a, 0x00, 0x00, 0x67, 0x7a, 0x00, 0x00, 
0x72, 0x7a, 0x00, 0x00, 0x7f, 0x7a, 0x00, 0x00, 0x87, 0x7a, 0x00, 0x00, 0x8f, 0x7a, 0x00, 0x00, 
0x9c, 0x7a, 0x00, 0x00, 0xa6, 0x7a, 0x00, 0x00, 0xab, 0x7a, 0x00, 0x00, 0xb1, 0x7a, 0x00, 0x00, 
0xbc, 0x7a, 0x00, 0x00, 0xd2, 0x7a, 0x00, 0x00, 0xde, 0x7a, 0x00, 0x00, 0xec, 0x7a, 0x00, 0x00, 
0xf5, 0x7a, 0x00, 0x00, 0x04, 0x7b, 0x00, 0x00, 0x0f, 0x7b, 0x00, 0x00, 0x16, 0x7b, 0x00, 0x00, 
0x1f, 0x7b, 0x00, 0x00, 0x28, 0x7b, 0x00, 0x00, 0x2b, 0x7b, 0x00, 0x00, 0x34, 0x7b, 0x00, 0x00, 
0xd2, 0x7b, 0x00, 0x00, 0x57, 0x00, 0x00, 0x00, 0x60, 0x00, 0x00, 0x00, 0x69, 0x00, 0x00, 0x00, 
0x6c, 0x00, 0x00, 0x00, 0x75, 0x00, 0x00, 0x00, 0x89, 0x00, 0x00, 0x00, 0x8a, 0x00, 0x00, 0x00, 
0x8b, 0x00, 0x00, 0x00, 0x8c, 0x00, 0x00, 0x00, 0x8d, 0x00, 0x00, 0x00, 0x8e, 0x00, 0x00, 0x00, 
0x8f, 0x00, 0x00, 0x00, 0x90, 0x00, 0x00, 0x00, 0x91, 0x00, 0x00, 0x00, 0x92, 0x00, 0x00, 0x00, 
0x93, 0x00, 0x00, 0x00, 0x94, 0x00, 0x00, 0x00, 0x95, 0x00, 0x00, 0x00, 0x96, 0x00, 0x00, 0x00, 
0x97, 0x00, 0x00, 0x00, 0x98, 0x00, 0x00, 0x00, 0x99, 0x00, 0x00, 0x00, 0x9a, 0x00, 0x00, 0x00, 
0x9b, 0x00, 0x00, 0x00, 0x9c, 0x00, 0x00, 0x00, 0x9d, 0x00, 0x00, 0x00, 0x9e, 0x00, 0x00, 0x00, 
0x9f, 0x00, 0x00, 0x00, 0xa0, 0x00, 0x00, 0x00, 0xa1, 0x00, 0x00, 0x00, 0xa2, 0x00, 0x00, 0x00, 
0xa3, 0x00, 0x00, 0x00, 0xa4, 0x00, 0x00, 0x00, 0xa5, 0x00, 0x00, 0x00, 0xa6, 0x00, 0x00, 0x00, 
0xa7, 0x00, 0x00, 0x00, 0xa8, 0x00, 0x00, 0x00, 0xa9, 0x00, 0x00, 0x00, 0xaa, 0x00, 0x00, 0x00, 
0xab, 0x00, 0x00, 0x00, 0xac, 0x00, 0x00, 0x00, 0xad, 0x00, 0x00, 0x00, 0xae, 0x00, 0x00, 0x00, 
0xaf, 0x00, 0x00, 0x00, 0xb0, 0x00, 0x00, 0x00, 0xb1, 0x00, 0x00, 0x00, 0xb2, 0x00, 0x00, 0x00, 
0xb3, 0x00, 0x00, 0x00, 0xb4, 0x00, 0x00, 0x00, 0xb5, 0x00, 0x00, 0x00, 0xb6, 0x00, 0x00, 0x00, 
0xb7, 0x00, 0x00, 0x00, 0xb8, 0x00, 0x00, 0x00, 0xb9, 0x00, 0x00, 0x00, 0xba, 0x00, 0x00, 0x00, 
0xbb, 0x00, 0x00, 0x00, 0xbc, 0x00, 0x00, 0x00, 0xbd, 0x00, 0x00, 0x00, 0xbe, 0x00, 0x00, 0x00, 
0xbf, 0x00, 0x00, 0x00, 0xc0, 0x00, 0x00, 0x00, 0xc1, 0x00, 0x00, 0x00, 0xc2, 0x00, 0x00, 0x00, 
0xc3, 0x00, 0x00, 0x00, 0xc4, 0x00, 0x00, 0x00, 0xc5, 0x00, 0x00, 0x00, 0xc6, 0x00, 0x00, 0x00, 
0xc7, 0x00, 0x00, 0x00, 0xc8, 0x00, 0x00, 0x00, 0xc9, 0x00, 0x00, 0x00, 0xca, 0x00, 0x00, 0x00, 
0xcb, 0x00, 0x00, 0x00, 0xcc, 0x00, 0x00, 0x00, 0xcd, 0x00, 0x00, 0x00, 0xce, 0x00, 0x00, 0x00, 
0xcf, 0x00, 0x00, 0x00, 0xd0, 0x00, 0x00, 0x00, 0xd1, 0x00, 0x00, 0x00, 0xd2, 0x00, 0x00, 0x00, 
0xd3, 0x00, 0x00, 0x00, 0xd4, 0x00, 0x00, 0x00, 0xd5, 0x00, 0x00, 0x00, 0xd6, 0x00, 0x00, 0x00, 
0xd7, 0x00, 0x00, 0x00, 0xd8, 0x00, 0x00, 0x00, 0xd9, 0x00, 0x00, 0x00, 0xda, 0x00, 0x00, 0x00, 
0xea, 0x00, 0x00, 0x00, 0x03, 0x01, 0x00, 0x00, 0x08, 0x01, 0x00, 0x00, 0x09, 0x01, 0x00, 0x00, 
0x0a, 0x01, 0x00, 0x00, 0x0b, 0x01, 0x00, 0x00, 0x0c, 0x01, 0x00, 0x00, 0x62, 0x00, 0x00, 0x00, 
0x01, 0x00, 0x00, 0x00, 0xcc, 0x54, 0x00, 0x00, 0x64, 0x00, 0x00, 0x00, 0x01, 0x00, 0x00, 0x00, 
0xd4, 0x54, 0x00, 0x00, 0x6a, 0x00, 0x00, 0x00, 0x02, 0x00, 0x00, 0x00, 0xdc, 0x54, 0x00, 0x00, 
0x6b, 0x00, 0x00, 0x00, 0x02, 0x00, 0x00, 0x00, 0xe8, 0x54, 0x00, 0x00, 0x6c, 0x00, 0x00, 0x00, 
0x03, 0x00, 0x00, 0x00, 0x00, 0x00, 0x00, 0x00, 0x6d, 0x00, 0x00, 0x00, 0x03, 0x00, 0x00, 0x00, 
0xf0, 0x54, 0x00, 0x00, 0x6e, 0x00, 0x00, 0x00, 0x03, 0x00, 0x00, 0x00, 0xf8, 0x54, 0x00, 0x00, 
0x6f, 0x00, 0x00, 0x00, 0x03, 0x00, 0x00, 0x00, 0x00, 0x55, 0x00, 0x00, 0x6f, 0x00, 0x00, 0x00, 
0x03, 0x00, 0x00, 0x00, 0x08, 0x55, 0x00, 0x00, 0x6f, 0x00, 0x00, 0x00, 0x03, 0x00, 0x00, 0x00, 
0x10, 0x55, 0x00, 0x00, 0x6f, 0x00, 0x00, 0x00, 0x03, 0x00, 0x00, 0x00, 0xe8, 0x54, 0x00, 0x00, 
0x70, 0x00, 0x00, 0x00, 0x03, 0x00, 0x00, 0x00, 0x18, 0x55, 0x00, 0x00, 0x72, 0x00, 0x00, 0x00, 
0x03, 0x00, 0x00, 0x00, 0x20, 0x55, 0x00, 0x00, 0x73, 0x00, 0x00, 0x00, 0x03, 0x00, 0x00, 0x00, 
0x28, 0x55, 0x00, 0x00, 0x6f, 0x00, 0x00, 0x00, 0x03, 0x00, 0x00, 0x00, 0x34, 0x55, 0x00, 0x00, 
0x71, 0x00, 0x00, 0x00, 0x03, 0x00, 0x00, 0x00, 0x3c, 0x55, 0x00, 0x00, 0x75, 0x00, 0x00, 0x00, 
0x04, 0x00, 0x00, 0x00, 0x00, 0x00, 0x00, 0x00, 0x76, 0x00, 0x00, 0x00, 0x04, 0x00, 0x00, 0x00, 
0x48, 0x55, 0x00, 0x00, 0x77, 0x00, 0x00, 0x00, 0x04, 0x00, 0x00, 0x00, 0x50, 0x55, 0x00, 0x00, 
0x78, 0x00, 0x00, 0x00, 0x04, 0x00, 0x00, 0x00, 0xe8, 0x54, 0x00, 0x00, 0x79, 0x00, 0x00, 0x00, 
0x06, 0x00, 0x00, 0x00, 0x00, 0x00, 0x00, 0x00, 0x83, 0x00, 0x00, 0x00, 0x07, 0x00, 0x00, 0x00, 
0x58, 0x55, 0x00, 0x00, 0x84, 0x00, 0x00, 0x00, 0x07, 0x00, 0x00, 0x00, 0x60, 0x55, 0x00, 0x00, 
0x79, 0x00, 0x00, 0x00, 0x09, 0x00, 0x00, 0x00, 0x00, 0x00, 0x00, 0x00, 0x79, 0x00, 0x00, 0x00, 
0x0b, 0x00, 0x00, 0x00, 0x00, 0x00, 0x00, 0x00, 0x79, 0x00, 0x00, 0x00, 0x0d, 0x00, 0x00, 0x00, 
0x00, 0x00, 0x00, 0x00, 0x7f, 0x00, 0x00, 0x00, 0x0d, 0x00, 0x00, 0x00, 0x6c, 0x55, 0x00, 0x00, 
0x80, 0x00, 0x00, 0x00, 0x0d, 0x00, 0x00, 0x00, 0x74, 0x55, 0x00, 0x00, 0x82, 0x00, 0x00, 0x00, 
0x0d, 0x00, 0x00, 0x00, 0x7c, 0x55, 0x00, 0x00, 0x87, 0x00, 0x00, 0x00, 0x0d, 0x00, 0x00, 0x00, 
0x88, 0x55, 0x00, 0x00, 0x7f, 0x00, 0x00, 0x00, 0x0d, 0x00, 0x00, 0x00, 0x90, 0x55, 0x00, 0x00, 
0x79, 0x00, 0x00, 0x00, 0x10, 0x00, 0x00, 0x00, 0x00, 0x00, 0x00, 0x00, 0x7f, 0x00, 0x00, 0x00, 
0x10, 0x00, 0x00, 0x00, 0x08, 0x55, 0x00, 0x00, 0x7f, 0x00, 0x00, 0x00, 0x10, 0x00, 0x00, 0x00, 
0x98, 0x55, 0x00, 0x00, 0x79, 0x00, 0x00, 0x00, 0x12, 0x00, 0x00, 0x00, 0x00, 0x00, 0x00, 0x00, 
0x79, 0x00, 0x00, 0x00, 0x15, 0x00, 0x00, 0x00, 0x00, 0x00, 0x00, 0x00, 0x7d, 0x00, 0x00, 0x00, 
0x19, 0x00, 0x00, 0x00, 0xa0, 0x55, 0x00, 0x00, 0x7f, 0x00, 0x00, 0x00, 0x19, 0x00, 0x00, 0x00, 
0x10, 0x55, 0x00, 0x00, 0x79, 0x00, 0x00, 0x00, 0x1c, 0x00, 0x00, 0x00, 0x00, 0x00, 0x00, 0x00, 
0x7f, 0x00, 0x00, 0x00, 0x1e, 0x00, 0x00, 0x00, 0x00, 0x55, 0x00, 0x00, 0x81, 0x00, 0x00, 0x00, 
0x1e, 0x00, 0x00, 0x00, 0xa8, 0x55, 0x00, 0x00, 0x7f, 0x00, 0x00, 0x00, 0x2f, 0x00, 0x00, 0x00, 
0x08, 0x55, 0x00, 0x00, 0x88, 0x00, 0x00, 0x00, 0x38, 0x00, 0x00, 0x00, 0xb4, 0x55, 0x00, 0x00, 
0x79, 0x00, 0x00, 0x00, 0x39, 0x00, 0x00, 0x00, 0x00, 0x00, 0x00, 0x00, 0x7f, 0x00, 0x00, 0x00, 
0x3a, 0x00, 0x00, 0x00, 0xe8, 0x54, 0x00, 0x00, 0x79, 0x00, 0x00, 0x00, 0x3b, 0x00, 0x00, 0x00, 
0x00, 0x00, 0x00, 0x00, 0x7d, 0x00, 0x00, 0x00, 0x3e, 0x00, 0x00, 0x00, 0xa0, 0x55, 0x00, 0x00, 
0x79, 0x00, 0x00, 0x00, 0x40, 0x00, 0x00, 0x00, 0x00, 0x00, 0x00, 0x00, 0x7d, 0x00, 0x00, 0x00, 
0x40, 0x00, 0x00, 0x00, 0xa0, 0x55, 0x00, 0x00, 0x86, 0x00, 0x00, 0x00, 0x40, 0x00, 0x00, 0x00, 
0xbc, 0x55, 0x00, 0x00, 0x85, 0x00, 0x00, 0x00, 0x40, 0x00, 0x00, 0x00, 0xc8, 0x55, 0x00, 0x00, 
0x7f, 0x00, 0x00, 0x00, 0x40, 0x00, 0x00, 0x00, 0x10, 0x55, 0x00, 0x00, 0x85, 0x00, 0x00, 0x00, 
0x40, 0x00, 0x00, 0x00, 0xd4, 0x55, 0x00, 0x00, 0x83, 0x00, 0x00, 0x00, 0x40, 0x00, 0x00, 0x00, 
0xe0, 0x55, 0x00, 0x00, 0x7f, 0x00, 0x00, 0x00, 0x40, 0x00, 0x00, 0x00, 0xe8, 0x54, 0x00, 0x00, 
0x7f, 0x00, 0x00, 0x00, 0x41, 0x00, 0x00, 0x00, 0x08, 0x55, 0x00, 0x00, 0x79, 0x00, 0x00, 0x00, 
0x42, 0x00, 0x00, 0x00, 0x00, 0x00, 0x00, 0x00, 0x7b, 0x00, 0x00, 0x00, 0x42, 0x00, 0x00, 0x00, 
0xcc, 0x54, 0x00, 0x00, 0x7d, 0x00, 0x00, 0x00, 0x42, 0x00, 0x00, 0x00, 0xa0, 0x55, 0x00, 0x00, 
0x7f, 0x00, 0x00, 0x00, 0x42, 0x00, 0x00, 0x00, 0x90, 0x55, 0x00, 0x00, 0x7f, 0x00, 0x00, 0x00, 
0x42, 0x00, 0x00, 0x00, 0x10, 0x55, 0x00, 0x00, 0x83, 0x00, 0x00, 0x00, 0x42, 0x00, 0x00, 0x00, 
0x20, 0x55, 0x00, 0x00, 0x83, 0x00, 0x00, 0x00, 0x42, 0x00, 0x00, 0x00, 0xe8, 0x55, 0x00, 0x00, 
0x7f, 0x00, 0x00, 0x00, 0x42, 0x00, 0x00, 0x00, 0xf0, 0x55, 0x00, 0x00, 0x7a, 0x00, 0x00, 0x00, 
0x43, 0x00, 0x00, 0x00, 0xf8, 0x55, 0x00, 0x00, 0x7c, 0x00, 0x00, 0x00, 0x43, 0x00, 0x00, 0x00, 
0xf0, 0x54, 0x00, 0x00, 0x7d, 0x00, 0x00, 0x00, 0x43, 0x00, 0x00, 0x00, 0xa0, 0x55, 0x00, 0x00, 
0x7e, 0x00, 0x00, 0x00, 0x43, 0x00, 0x00, 0x00, 0x48, 0x55, 0x00, 0x00, 0x7f, 0x00, 0x00, 0x00, 
0x43, 0x00, 0x00, 0x00, 0xe8, 0x54, 0x00, 0x00, 0x88, 0x00, 0x00, 0x00, 0x43, 0x00, 0x00, 0x00, 
0xb4, 0x55, 0x00, 0x00, 0x7f, 0x00, 0x00, 0x00, 0x4b, 0x00, 0x00, 0x00, 0xe8, 0x54, 0x00, 0x00, 
0x83, 0x00, 0x00, 0x00, 0x4d, 0x00, 0x00, 0x00, 0x00, 0x56, 0x00, 0x00, 0x79, 0x00, 0x00, 0x00, 
0x50, 0x00, 0x00, 0x00, 0x00, 0x00, 0x00, 0x00, 0x7f, 0x00, 0x00, 0x00, 0x53, 0x00, 0x00, 0x00, 
0x98, 0x55, 0x00, 0x00, 0x7f, 0x00, 0x00, 0x00, 0x54, 0x00, 0x00, 0x00, 0x08, 0x56, 0x00, 0x00, 
0x7f, 0x00, 0x00, 0x00, 0x55, 0x00, 0x00, 0x00, 0xe8, 0x54, 0x00, 0x00, 0xea, 0x00, 0x00, 0x00, 
0x57, 0x00, 0x00, 0x00, 0x00, 0x00, 0x00, 0x00, 0xeb, 0x00, 0x00, 0x00, 0x57, 0x00, 0x00, 0x00, 
0x10, 0x56, 0x00, 0x00, 0xec, 0x00, 0x00, 0x00, 0x57, 0x00, 0x00, 0x00, 0xf0, 0x54, 0x00, 0x00, 
0xed, 0x00, 0x00, 0x00, 0x57, 0x00, 0x00, 0x00, 0xa0, 0x55, 0x00, 0x00, 0xef, 0x00, 0x00, 0x00, 
0x57, 0x00, 0x00, 0x00, 0xf8, 0x54, 0x00, 0x00, 0xf0, 0x00, 0x00, 0x00, 0x57, 0x00, 0x00, 0x00, 
0x18, 0x56, 0x00, 0x00, 0xf1, 0x00, 0x00, 0x00, 0x57, 0x00, 0x00, 0x00, 0x20, 0x56, 0x00, 0x00, 
0xf2, 0x00, 0x00, 0x00, 0x57, 0x00, 0x00, 0x00, 0x28, 0x56, 0x00, 0x00, 0xfa, 0x00, 0x00, 0x00, 
0x57, 0x00, 0x00, 0x00, 0x30, 0x56, 0x00, 0x00, 0xfd, 0x00, 0x00, 0x00, 0x57, 0x00, 0x00, 0x00, 
0x38, 0x56, 0x00, 0x00, 0xf2, 0x00, 0x00, 0x00, 0x57, 0x00, 0x00, 0x00, 0x40, 0x56, 0x00, 0x00, 
0xf2, 0x00, 0x00, 0x00, 0x57, 0x00, 0x00, 0x00, 0x48, 0x56, 0x00, 0x00, 0xf2, 0x00, 0x00, 0x00, 
0x57, 0x00, 0x00, 0x00, 0xbc, 0x54, 0x00, 0x00, 0xf2, 0x00, 0x00, 0x00, 0x57, 0x00, 0x00, 0x00, 
0x00, 0x55, 0x00, 0x00, 0xf9, 0x00, 0x00, 0x00, 0x57, 0x00, 0x00, 0x00, 0x50, 0x56, 0x00, 0x00, 
0xf3, 0x00, 0x00, 0x00, 0x57, 0x00, 0x00, 0x00, 0x5c, 0x56, 0x00, 0x00, 0xf2, 0x00, 0x00, 0x00, 
0x57, 0x00, 0x00, 0x00, 0x08, 0x55, 0x00, 0x00, 0xf3, 0x00, 0x00, 0x00, 0x57, 0x00, 0x00, 0x00, 
0x64, 0x56, 0x00, 0x00, 0xf7, 0x00, 0x00, 0x00, 0x57, 0x00, 0x00, 0x00, 0x6c, 0x56, 0x00, 0x00, 
0xfc, 0x00, 0x00, 0x00, 0x57, 0x00, 0x00, 0x00, 0x74, 0x56, 0x00, 0x00, 0xfa, 0x00, 0x00, 0x00, 
0x57, 0x00, 0x00, 0x00, 0x80, 0x56, 0x00, 0x00, 0xfa, 0x00, 0x00, 0x00, 0x57, 0x00, 0x00, 0x00, 
0x88, 0x56, 0x00, 0x00, 0xfb, 0x00, 0x00, 0x00, 0x57, 0x00, 0x00, 0x00, 0x90, 0x56, 0x00, 0x00, 
0xfd, 0x00, 0x00, 0x00, 0x57, 0x00, 0x00, 0x00, 0x9c, 0x56, 0x00, 0x00, 0xf5, 0x00, 0x00, 0x00, 
0x57, 0x00, 0x00, 0x00, 0xa4, 0x56, 0x00, 0x00, 0xf2, 0x00, 0x00, 0x00, 0x57, 0x00, 0x00, 0x00, 
0xb4, 0x54, 0x00, 0x00, 0xf9, 0x00, 0x00, 0x00, 0x57, 0x00, 0x00, 0x00, 0xb0, 0x56, 0x00, 0x00, 
0xfd, 0x00, 0x00, 0x00, 0x57, 0x00, 0x00, 0x00, 0xbc, 0x56, 0x00, 0x00, 0xf2, 0x00, 0x00, 0x00, 
0x57, 0x00, 0x00, 0x00, 0x90, 0x55, 0x00, 0x00, 0xf7, 0x00, 0x00, 0x00, 0x57, 0x00, 0x00, 0x00, 
0xc4, 0x56, 0x00, 0x00, 0xf2, 0x00, 0x00, 0x00, 0x57, 0x00, 0x00, 0x00, 0x08, 0x56, 0x00, 0x00, 
0xf2, 0x00, 0x00, 0x00, 0x57, 0x00, 0x00, 0x00, 0x10, 0x55, 0x00, 0x00, 0xf2, 0x00, 0x00, 0x00, 
0x57, 0x00, 0x00, 0x00, 0xac, 0x54, 0x00, 0x00, 0xf2, 0x00, 0x00, 0x00, 0x57, 0x00, 0x00, 0x00, 
0xe8, 0x54, 0x00, 0x00, 0xf6, 0x00, 0x00, 0x00, 0x57, 0x00, 0x00, 0x00, 0xcc, 0x56, 0x00, 0x00, 
0xf7, 0x00, 0x00, 0x00, 0x57, 0x00, 0x00, 0x00, 0x18, 0x55, 0x00, 0x00, 0xfb, 0x00, 0x00, 0x00, 
0x57, 0x00, 0x00, 0x00, 0xd8, 0x56, 0x00, 0x00, 0xf4, 0x00, 0x00, 0x00, 0x57, 0x00, 0x00, 0x00, 
0xe4, 0x56, 0x00, 0x00, 0xfa, 0x00, 0x00, 0x00, 0x57, 0x00, 0x00, 0x00, 0xf0, 0x56, 0x00, 0x00, 
0xfe, 0x00, 0x00, 0x00, 0x57, 0x00, 0x00, 0x00, 0xb4, 0x55, 0x00, 0x00, 0xff, 0x00, 0x00, 0x00, 
0x57, 0x00, 0x00, 0x00, 0xf8, 0x56, 0x00, 0x00, 0xf8, 0x00, 0x00, 0x00, 0x57, 0x00, 0x00, 0x00, 
0x3c, 0x55, 0x00, 0x00, 0x03, 0x01, 0x00, 0x00, 0x58, 0x00, 0x00, 0x00, 0x00, 0x00, 0x00, 0x00, 
0x04, 0x01, 0x00, 0x00, 0x58, 0x00, 0x00, 0x00, 0xcc, 0x54, 0x00, 0x00, 0x05, 0x01, 0x00, 0x00, 
0x58, 0x00, 0x00, 0x00, 0x08, 0x55, 0x00, 0x00, 0x05, 0x01, 0x00, 0x00, 0x58, 0x00, 0x00, 0x00, 
0x08, 0x56, 0x00, 0x00, 0x05, 0x01, 0x00, 0x00, 0x58, 0x00, 0x00, 0x00, 0x10, 0x55, 0x00, 0x00, 
0x05, 0x01, 0x00, 0x00, 0x58, 0x00, 0x00, 0x00, 0xac, 0x54, 0x00, 0x00, 0x06, 0x01, 0x00, 0x00, 
0x58, 0x00, 0x00, 0x00, 0x10, 0x57, 0x00, 0x00, 0x05, 0x01, 0x00, 0x00, 0x58, 0x00, 0x00, 0x00, 
0xe8, 0x54, 0x00, 0x00, 0x07, 0x01, 0x00, 0x00, 0x58, 0x00, 0x00, 0x00, 0x18, 0x57, 0x00, 0x00, 
0x0b, 0x00, 0x02, 0x00, 0x21, 0x01, 0x00, 0x00, 0x0b, 0x00, 0x02, 0x00, 0x31, 0x02, 0x00, 0x00, 
0x0d, 0x00, 0x0d, 0x00, 0xe5, 0x00, 0x00, 0x00, 0x0e, 0x00, 0x03, 0x00, 0xe6, 0x00, 0x00, 0x00, 
0x15, 0x00, 0x02, 0x00, 0x35, 0x01, 0x00, 0x00, 0x1d, 0x00, 0x03, 0x00, 0x67, 0x01, 0x00, 0x00, 
0x21, 0x00, 0x2a, 0x00, 0x2d, 0x02, 0x00, 0x00, 0x22, 0x00, 0x2a, 0x00, 0x2d, 0x02, 0x00, 0x00, 
0x23, 0x00, 0x2a, 0x00, 0x2d, 0x02, 0x00, 0x00, 0x24, 0x00, 0x2a, 0x00, 0x2d, 0x02, 0x00, 0x00, 
0x25, 0x00, 0x26, 0x00, 0x2e, 0x02, 0x00, 0x00, 0x25, 0x00, 0x01, 0x00, 0x35, 0x02, 0x00, 0x00, 
0x26, 0x00, 0x2a, 0x00, 0x2d, 0x02, 0x00, 0x00, 0x27, 0x00, 0x2a, 0x00, 0x2d, 0x02, 0x00, 0x00, 
0x28, 0x00, 0x2a, 0x00, 0x2d, 0x02, 0x00, 0x00, 0x29, 0x00, 0x2a, 0x00, 0x42, 0x01, 0x00, 0x00, 
0x2a, 0x00, 0x04, 0x00, 0x4b, 0x00, 0x00, 0x00, 0x2a, 0x00, 0x04, 0x00, 0x4c, 0x00, 0x00, 0x00, 
0x2a, 0x00, 0x55, 0x00, 0x58, 0x00, 0x00, 0x00, 0x2a, 0x00, 0x04, 0x00, 0x59, 0x00, 0x00, 0x00, 
0x2a, 0x00, 0x42, 0x00, 0x5a, 0x00, 0x00, 0x00, 0x2a, 0x00, 0x42, 0x00, 0x5b, 0x00, 0x00, 0x00, 
0x2a, 0x00, 0x04, 0x00, 0x5c, 0x00, 0x00, 0x00, 0x2a, 0x00, 0x42, 0x00, 0x63, 0x00, 0x00, 0x00, 
0x2a, 0x00, 0x42, 0x00, 0x68, 0x00, 0x00, 0x00, 0x2a, 0x00, 0x03, 0x00, 0xdb, 0x00, 0x00, 0x00, 
0x2a, 0x00, 0x03, 0x00, 0xdc, 0x00, 0x00, 0x00, 0x2a, 0x00, 0x03, 0x00, 0xdd, 0x00, 0x00, 0x00, 
0x2a, 0x00, 0x03, 0x00, 0xde, 0x00, 0x00, 0x00, 0x2a, 0x00, 0x03, 0x00, 0xdf, 0x00, 0x00, 0x00, 
0x2a, 0x00, 0x42, 0x00, 0xe8, 0x00, 0x00, 0x00, 0x2a, 0x00, 0x18, 0x00, 0x87, 0x01, 0x00, 0x00, 
0x2a, 0x00, 0x58, 0x00, 0x88, 0x01, 0x00, 0x00, 0x2a, 0x00, 0x41, 0x00, 0x89, 0x01, 0x00, 0x00, 
0x2a, 0x00, 0x03, 0x00, 0x8a, 0x01, 0x00, 0x00, 0x2a, 0x00, 0x58, 0x00, 0x8d, 0x01, 0x00, 0x00, 
0x2a, 0x00, 0x58, 0x00, 0x90, 0x01, 0x00, 0x00, 0x2a, 0x00, 0x1e, 0x00, 0x91, 0x01, 0x00, 0x00, 
0x2a, 0x00, 0x0f, 0x00, 0x94, 0x01, 0x00, 0x00, 0x2a, 0x00, 0x03, 0x00, 0x95, 0x01, 0x00, 0x00, 
0x2a, 0x00, 0x06, 0x00, 0x96, 0x01, 0x00, 0x00, 0x2a, 0x00, 0x58, 0x00, 0x97, 0x01, 0x00, 0x00, 
0x2a, 0x00, 0x04, 0x00, 0x98, 0x01, 0x00, 0x00, 0x2a, 0x00, 0x04, 0x00, 0x99, 0x01, 0x00, 0x00, 
0x2a, 0x00, 0x2d, 0x00, 0x9a, 0x01, 0x00, 0x00, 0x2a, 0x00, 0x01, 0x00, 0x9b, 0x01, 0x00, 0x00, 
0x2a, 0x00, 0x58, 0x00, 0x9e, 0x01, 0x00, 0x00, 0x2a, 0x00, 0x58, 0x00, 0x9f, 0x01, 0x00, 0x00, 
0x2a, 0x00, 0x02, 0x00, 0xa0, 0x01, 0x00, 0x00, 0x2a, 0x00, 0x58, 0x00, 0xa4, 0x01, 0x00, 0x00, 
0x2a, 0x00, 0x58, 0x00, 0xa5, 0x01, 0x00, 0x00, 0x2a, 0x00, 0x58, 0x00, 0xa6, 0x01, 0x00, 0x00, 
0x2a, 0x00, 0x04, 0x00, 0xa7, 0x01, 0x00, 0x00, 0x2a, 0x00, 0x04, 0x00, 0xa8, 0x01, 0x00, 0x00, 
0x2a, 0x00, 0x04, 0x00, 0xa9, 0x01, 0x00, 0x00, 0x2a, 0x00, 0x04, 0x00, 0xaa, 0x01, 0x00, 0x00, 
0x2a, 0x00, 0x42, 0x00, 0xab, 0x01, 0x00, 0x00, 0x2a, 0x00, 0x42, 0x00, 0xac, 0x01, 0x00, 0x00, 
0x2a, 0x00, 0x04, 0x00, 0xad, 0x01, 0x00, 0x00, 0x2a, 0x00, 0x03, 0x00, 0xae, 0x01, 0x00, 0x00, 
0x2a, 0x00, 0x10, 0x00, 0xaf, 0x01, 0x00, 0x00, 0x2a, 0x00, 0x58, 0x00, 0xb2, 0x01, 0x00, 0x00, 
0x2a, 0x00, 0x02, 0x00, 0xb8, 0x01, 0x00, 0x00, 0x2a, 0x00, 0x02, 0x00, 0xb9, 0x01, 0x00, 0x00, 
0x2a, 0x00, 0x02, 0x00, 0xba, 0x01, 0x00, 0x00, 0x2a, 0x00, 0x03, 0x00, 0xbc, 0x01, 0x00, 0x00, 
0x2a, 0x00, 0x03, 0x00, 0xbd, 0x01, 0x00, 0x00, 0x2a, 0x00, 0x42, 0x00, 0xbe, 0x01, 0x00, 0x00, 
0x2a, 0x00, 0x05, 0x00, 0xbf, 0x01, 0x00, 0x00, 0x2a, 0x00, 0x03, 0x00, 0xc0, 0x01, 0x00, 0x00, 
0x2a, 0x00, 0x41, 0x00, 0xc1, 0x01, 0x00, 0x00, 0x2a, 0x00, 0x41, 0x00, 0xc2, 0x01, 0x00, 0x00, 
0x2a, 0x00, 0x2e, 0x00, 0xc3, 0x01, 0x00, 0x00, 0x2a, 0x00, 0x58, 0x00, 0xc4, 0x01, 0x00, 0x00, 
0x2a, 0x00, 0x43, 0x00, 0xc5, 0x01, 0x00, 0x00, 0x2a, 0x00, 0x58, 0x00, 0xc6, 0x01, 0x00, 0x00, 
0x2a, 0x00, 0x03, 0x00, 0xc7, 0x01, 0x00, 0x00, 0x2a, 0x00, 0x03, 0x00, 0xc8, 0x01, 0x00, 0x00, 
0x2a, 0x00, 0x03, 0x00, 0xc9, 0x01, 0x00, 0x00, 0x2a, 0x00, 0x42, 0x00, 0xca, 0x01, 0x00, 0x00, 
0x2a, 0x00, 0x2f, 0x00, 0xcf, 0x01, 0x00, 0x00, 0x2a, 0x00, 0x58, 0x00, 0xd0, 0x01, 0x00, 0x00, 
0x2a, 0x00, 0x03, 0x00, 0xd2, 0x01, 0x00, 0x00, 0x2a, 0x00, 0x42, 0x00, 0xd3, 0x01, 0x00, 0x00, 
0x2a, 0x00, 0x42, 0x00, 0xd4, 0x01, 0x00, 0x00, 0x2a, 0x00, 0x4d, 0x00, 0x0c, 0x02, 0x00, 0x00, 
0x2a, 0x00, 0x2a, 0x00, 0x0d, 0x02, 0x00, 0x00, 0x2a, 0x00, 0x58, 0x00, 0x10, 0x02, 0x00, 0x00, 
0x2a, 0x00, 0x4b, 0x00, 0x11, 0x02, 0x00, 0x00, 0x2b, 0x00, 0x2c, 0x00, 0x2e, 0x02, 0x00, 0x00, 
0x2b, 0x00, 0x01, 0x00, 0x38, 0x02, 0x00, 0x00, 0x2b, 0x00, 0x58, 0x00, 0x39, 0x02, 0x00, 0x00, 
0x2c, 0x00, 0x2e, 0x00, 0x2d, 0x02, 0x00, 0x00, 0x2c, 0x00, 0x2d, 0x00, 0x36, 0x02, 0x00, 0x00, 
0x2c, 0x00, 0x03, 0x00, 0x37, 0x02, 0x00, 0x00, 0x2e, 0x00, 0x42, 0x00, 0xe7, 0x00, 0x00, 0x00, 
0x2e, 0x00, 0x58, 0x00, 0x8f, 0x01, 0x00, 0x00, 0x2e, 0x00, 0x53, 0x00, 0xa1, 0x01, 0x00, 0x00, 
0x2e, 0x00, 0x10, 0x00, 0xa3, 0x01, 0x00, 0x00, 0x2e, 0x00, 0x10, 0x00, 0xaf, 0x01, 0x00, 0x00, 
0x2e, 0x00, 0x11, 0x00, 0xcc, 0x01, 0x00, 0x00, 0x2f, 0x00, 0x02, 0x00, 0xe0, 0x00, 0x00, 0x00, 
0x2f, 0x00, 0x42, 0x00, 0xee, 0x00, 0x00, 0x00, 0x2f, 0x00, 0x02, 0x00, 0x8b, 0x01, 0x00, 0x00, 
0x2f, 0x00, 0x02, 0x00, 0x8c, 0x01, 0x00, 0x00, 0x2f, 0x00, 0x42, 0x00, 0x8e, 0x01, 0x00, 0x00, 
0x2f, 0x00, 0x03, 0x00, 0x92, 0x01, 0x00, 0x00, 0x2f, 0x00, 0x58, 0x00, 0x93, 0x01, 0x00, 0x00, 
0x2f, 0x00, 0x02, 0x00, 0x9c, 0x01, 0x00, 0x00, 0x2f, 0x00, 0x58, 0x00, 0x9d, 0x01, 0x00, 0x00, 
0x2f, 0x00, 0x58, 0x00, 0xa2, 0x01, 0x00, 0x00, 0x2f, 0x00, 0x03, 0x00, 0xb0, 0x01, 0x00, 0x00, 
0x2f, 0x00, 0x03, 0x00, 0xb1, 0x01, 0x00, 0x00, 0x2f, 0x00, 0x02, 0x00, 0xb3, 0x01, 0x00, 0x00, 
0x2f, 0x00, 0x03, 0x00, 0xb4, 0x01, 0x00, 0x00, 0x2f, 0x00, 0x02, 0x00, 0xb5, 0x01, 0x00, 0x00, 
0x2f, 0x00, 0x02, 0x00, 0xb6, 0x01, 0x00, 0x00, 0x2f, 0x00, 0x03, 0x00, 0xb7, 0x01, 0x00, 0x00, 
0x2f, 0x00, 0x0c, 0x00, 0xbb, 0x01, 0x00, 0x00, 0x2f, 0x00, 0x02, 0x00, 0xcb, 0x01, 0x00, 0x00, 
0x2f, 0x00, 0x42, 0x00, 0xcd, 0x01, 0x00, 0x00, 0x2f, 0x00, 0x0d, 0x00, 0xce, 0x01, 0x00, 0x00, 
0x2f, 0x00, 0x42, 0x00, 0xd3, 0x01, 0x00, 0x00, 0x2f, 0x00, 0x42, 0x00, 0xd4, 0x01, 0x00, 0x00, 
0x2f, 0x00, 0x0d, 0x00, 0x0a, 0x02, 0x00, 0x00, 0x2f, 0x00, 0x0d, 0x00, 0x0b, 0x02, 0x00, 0x00, 
0x2f, 0x00, 0x58, 0x00, 0x0e, 0x02, 0x00, 0x00, 0x2f, 0x00, 0x0d, 0x00, 0x0f, 0x02, 0x00, 0x00, 
0x47, 0x00, 0x47, 0x00, 0xe9, 0x00, 0x00, 0x00, 0x49, 0x00, 0x49, 0x00, 0xe2, 0x00, 0x00, 0x00, 
0x52, 0x00, 0x52, 0x00, 0xe1, 0x00, 0x00, 0x00, 0x05, 0x00, 0x4c, 0x00, 0x4a, 0x00, 0x00, 0x00, 
0x06, 0x00, 0x14, 0x00, 0x4d, 0x01, 0x00, 0x00, 0x06, 0x00, 0x17, 0x00, 0x61, 0x01, 0x00, 0x00, 
0x06, 0x00, 0x36, 0x00, 0x62, 0x01, 0x00, 0x00, 0x06, 0x00, 0x15, 0x00, 0xfe, 0x01, 0x00, 0x00, 
0x06, 0x00, 0x16, 0x00, 0xfe, 0x01, 0x00, 0x00, 0x07, 0x00, 0x38, 0x00, 0x4c, 0x01, 0x00, 0x00, 
0x07, 0x00, 0x0b, 0x00, 0x59, 0x01, 0x00, 0x00, 0x07, 0x00, 0x7d, 0x00, 0x68, 0x01, 0x00, 0x00, 
0x08, 0x00, 0x4c, 0x00, 0x4a, 0x00, 0x00, 0x00, 0x08, 0x00, 0x6d, 0x00, 0x11, 0x01, 0x00, 0x00, 
0x09, 0x00, 0x23, 0x00, 0x55, 0x01, 0x00, 0x00, 0x09, 0x00, 0x3a, 0x00, 0x60, 0x01, 0x00, 0x00, 
0x0a, 0x00, 0x6e, 0x00, 0x37, 0x01, 0x00, 0x00, 0x0c, 0x00, 0x4f, 0x00, 0x4a, 0x00, 0x00, 0x00, 
0x0c, 0x00, 0x18, 0x00, 0x56, 0x01, 0x00, 0x00, 0x0c, 0x00, 0x03, 0x00, 0xd9, 0x01, 0x00, 0x00, 
0x0c, 0x00, 0x4f, 0x00, 0x16, 0x02, 0x00, 0x00, 0x0c, 0x00, 0x4e, 0x00, 0x1c, 0x02, 0x00, 0x00, 
0x0c, 0x00, 0x1a, 0x00, 0x1d, 0x02, 0x00, 0x00, 0x0d, 0x00, 0x1b, 0x00, 0x32, 0x01, 0x00, 0x00, 
0x0d, 0x00, 0x1c, 0x00, 0x32, 0x01, 0x00, 0x00, 0x0d, 0x00, 0x1e, 0x00, 0x33, 0x01, 0x00, 0x00, 
0x0f, 0x00, 0x69, 0x00, 0x4a, 0x00, 0x00, 0x00, 0x0f, 0x00, 0x4c, 0x00, 0x24, 0x02, 0x00, 0x00, 
0x10, 0x00, 0x57, 0x00, 0x4a, 0x00, 0x00, 0x00, 0x10, 0x00, 0x7b, 0x00, 0xf1, 0x01, 0x00, 0x00, 
0x10, 0x00, 0x7c, 0x00, 0xf2, 0x01, 0x00, 0x00, 0x10, 0x00, 0x6c, 0x00, 0x01, 0x02, 0x00, 0x00, 
0x10, 0x00, 0x6b, 0x00, 0x02, 0x02, 0x00, 0x00, 0x11, 0x00, 0x6f, 0x00, 0x4a, 0x00, 0x00, 0x00, 
0x11, 0x00, 0x22, 0x00, 0x5a, 0x01, 0x00, 0x00, 0x11, 0x00, 0x4c, 0x00, 0x21, 0x02, 0x00, 0x00, 
0x12, 0x00, 0x22, 0x00, 0x5b, 0x01, 0x00, 0x00, 0x13, 0x00, 0x76, 0x00, 0x7c, 0x01, 0x00, 0x00, 
0x14, 0x00, 0x10, 0x00, 0x3a, 0x01, 0x00, 0x00, 0x16, 0x00, 0x0c, 0x00, 0x34, 0x01, 0x00, 0x00, 
0x16, 0x00, 0x0d, 0x00, 0x39, 0x01, 0x00, 0x00, 0x16, 0x00, 0x0c, 0x00, 0x6d, 0x01, 0x00, 0x00, 
0x16, 0x00, 0x0c, 0x00, 0x3d, 0x02, 0x00, 0x00, 0x17, 0x00, 0x02, 0x00, 0x1e, 0x01, 0x00, 0x00, 
0x19, 0x00, 0x53, 0x00, 0x4a, 0x00, 0x00, 0x00, 0x19, 0x00, 0x56, 0x00, 0xe2, 0x01, 0x00, 0x00, 
0x1b, 0x00, 0x5a, 0x00, 0x15, 0x01, 0x00, 0x00, 0x1b, 0x00, 0x25, 0x00, 0x44, 0x01, 0x00, 0x00, 
0x1b, 0x00, 0x24, 0x00, 0x4e, 0x01, 0x00, 0x00, 0x1b, 0x00, 0x04, 0x00, 0x4f, 0x01, 0x00, 0x00, 
0x1b, 0x00, 0x14, 0x00, 0x51, 0x01, 0x00, 0x00, 0x1b, 0x00, 0x07, 0x00, 0x70, 0x01, 0x00, 0x00, 
0x1d, 0x00, 0x50, 0x00, 0x4a, 0x00, 0x00, 0x00, 0x1e, 0x00, 0x04, 0x00, 0x52, 0x01, 0x00, 0x00, 
0x1e, 0x00, 0x04, 0x00, 0x57, 0x01, 0x00, 0x00, 0x1e, 0x00, 0x26, 0x00, 0x5f, 0x01, 0x00, 0x00, 
0x1e, 0x00, 0x17, 0x00, 0x61, 0x01, 0x00, 0x00, 0x1e, 0x00, 0x2b, 0x00, 0x63, 0x01, 0x00, 0x00, 
0x1e, 0x00, 0x19, 0x00, 0x65, 0x01, 0x00, 0x00, 0x1e, 0x00, 0x04, 0x00, 0x66, 0x01, 0x00, 0x00, 
0x1f, 0x00, 0x38, 0x00, 0x6c, 0x01, 0x00, 0x00, 0x1f, 0x00, 0x38, 0x00, 0xda, 0x01, 0x00, 0x00, 
0x1f, 0x00, 0x38, 0x00, 0xf7, 0x01, 0x00, 0x00, 0x20, 0x00, 0x72, 0x00, 0x85, 0x01, 0x00, 0x00, 
0x21, 0x00, 0x62, 0x00, 0x4a, 0x00, 0x00, 0x00, 0x21, 0x00, 0x51, 0x00, 0xe3, 0x01, 0x00, 0x00, 
0x22, 0x00, 0x5c, 0x00, 0x4a, 0x00, 0x00, 0x00, 0x22, 0x00, 0x4c, 0x00, 0x09, 0x02, 0x00, 0x00, 
0x23, 0x00, 0x5c, 0x00, 0x4a, 0x00, 0x00, 0x00, 0x23, 0x00, 0x54, 0x00, 0xe5, 0x01, 0x00, 0x00, 
0x24, 0x00, 0x5c, 0x00, 0x4a, 0x00, 0x00, 0x00, 0x24, 0x00, 0x4d, 0x00, 0xe0, 0x01, 0x00, 0x00, 
0x25, 0x00, 0x5b, 0x00, 0x4a, 0x00, 0x00, 0x00, 0x25, 0x00, 0x4d, 0x00, 0xe0, 0x01, 0x00, 0x00, 
0x26, 0x00, 0x5c, 0x00, 0x4a, 0x00, 0x00, 0x00, 0x26, 0x00, 0x4c, 0x00, 0x09, 0x02, 0x00, 0x00, 
0x27, 0x00, 0x5c, 0x00, 0x4a, 0x00, 0x00, 0x00, 0x27, 0x00, 0x59, 0x00, 0xe6, 0x01, 0x00, 0x00, 
0x27, 0x00, 0x59, 0x00, 0xe7, 0x01, 0x00, 0x00, 0x28, 0x00, 0x5c, 0x00, 0x4a, 0x00, 0x00, 0x00, 
0x28, 0x00, 0x4c, 0x00, 0x09, 0x02, 0x00, 0x00, 0x29, 0x00, 0x5c, 0x00, 0x4a, 0x00, 0x00, 0x00, 
0x29, 0x00, 0x34, 0x00, 0x76, 0x01, 0x00, 0x00, 0x2a, 0x00, 0x31, 0x00, 0x0f, 0x00, 0x00, 0x00, 
0x2a, 0x00, 0x08, 0x00, 0x14, 0x00, 0x00, 0x00, 0x2a, 0x00, 0x78, 0x00, 0x15, 0x00, 0x00, 0x00, 
0x2a, 0x00, 0x78, 0x00, 0x16, 0x00, 0x00, 0x00, 0x2a, 0x00, 0x20, 0x00, 0x18, 0x00, 0x00, 0x00, 
0x2a, 0x00, 0x08, 0x00, 0x19, 0x00, 0x00, 0x00, 0x2a, 0x00, 0x08, 0x00, 0x1a, 0x00, 0x00, 0x00, 
0x2a, 0x00, 0x37, 0x00, 0x1b, 0x00, 0x00, 0x00, 0x2a, 0x00, 0x78, 0x00, 0x1c, 0x00, 0x00, 0x00, 
0x2a, 0x00, 0x08, 0x00, 0x1d, 0x00, 0x00, 0x00, 0x2a, 0x00, 0x29, 0x00, 0x1e, 0x00, 0x00, 0x00, 
0x2a, 0x00, 0x63, 0x00, 0x1f, 0x00, 0x00, 0x00, 0x2a, 0x00, 0x5e, 0x00, 0x20, 0x00, 0x00, 0x00, 
0x2a, 0x00, 0x60, 0x00, 0x22, 0x00, 0x00, 0x00, 0x2a, 0x00, 0x5d, 0x00, 0x23, 0x00, 0x00, 0x00, 
0x2a, 0x00, 0x63, 0x00, 0x24, 0x00, 0x00, 0x00, 0x2a, 0x00, 0x63, 0x00, 0x25, 0x00, 0x00, 0x00, 
0x2a, 0x00, 0x63, 0x00, 0x26, 0x00, 0x00, 0x00, 0x2a, 0x00, 0x63, 0x00, 0x27, 0x00, 0x00, 0x00, 
0x2a, 0x00, 0x5e, 0x00, 0x28, 0x00, 0x00, 0x00, 0x2a, 0x00, 0x61, 0x00, 0x29, 0x00, 0x00, 0x00, 
0x2a, 0x00, 0x63, 0x00, 0x2a, 0x00, 0x00, 0x00, 0x2a, 0x00, 0x5c, 0x00, 0x2b, 0x00, 0x00, 0x00, 
0x2a, 0x00, 0x78, 0x00, 0x2c, 0x00, 0x00, 0x00, 0x2a, 0x00, 0x5c, 0x00, 0x2d, 0x00, 0x00, 0x00, 
0x2a, 0x00, 0x5f, 0x00, 0x2e, 0x00, 0x00, 0x00, 0x2a, 0x00, 0x5c, 0x00, 0x2f, 0x00, 0x00, 0x00, 
0x2a, 0x00, 0x5c, 0x00, 0x30, 0x00, 0x00, 0x00, 0x2a, 0x00, 0x5c, 0x00, 0x31, 0x00, 0x00, 0x00, 
0x2a, 0x00, 0x5c, 0x00, 0x32, 0x00, 0x00, 0x00, 0x2a, 0x00, 0x5c, 0x00, 0x33, 0x00, 0x00, 0x00, 
0x2a, 0x00, 0x5c, 0x00, 0x34, 0x00, 0x00, 0x00, 0x2a, 0x00, 0x5c, 0x00, 0x35, 0x00, 0x00, 0x00, 
0x2a, 0x00, 0x78, 0x00, 0x36, 0x00, 0x00, 0x00, 0x2a, 0x00, 0x4c, 0x00, 0x49, 0x00, 0x00, 0x00, 
0x2a, 0x00, 0x53, 0x00, 0x4a, 0x00, 0x00, 0x00, 0x2a, 0x00, 0x71, 0x00, 0x1d, 0x01, 0x00, 0x00, 
0x2a, 0x00, 0x4c, 0x00, 0x22, 0x01, 0x00, 0x00, 0x2a, 0x00, 0x27, 0x00, 0x43, 0x01, 0x00, 0x00, 
0x2a, 0x00, 0x28, 0x00, 0x43, 0x01, 0x00, 0x00, 0x2a, 0x00, 0x38, 0x00, 0x48, 0x01, 0x00, 0x00, 
0x2a, 0x00, 0x39, 0x00, 0x49, 0x01, 0x00, 0x00, 0x2a, 0x00, 0x39, 0x00, 0x4a, 0x01, 0x00, 0x00, 
0x2a, 0x00, 0x4c, 0x00, 0x6b, 0x01, 0x00, 0x00, 0x2a, 0x00, 0x53, 0x00, 0x71, 0x01, 0x00, 0x00, 
0x2a, 0x00, 0x4c, 0x00, 0x72, 0x01, 0x00, 0x00, 0x2a, 0x00, 0x76, 0x00, 0x78, 0x01, 0x00, 0x00, 
0x2a, 0x00, 0x79, 0x00, 0x79, 0x01, 0x00, 0x00, 0x2a, 0x00, 0x34, 0x00, 0x7f, 0x01, 0x00, 0x00, 
0x2a, 0x00, 0x4c, 0x00, 0x84, 0x01, 0x00, 0x00, 0x2a, 0x00, 0x4c, 0x00, 0xd8, 0x01, 0x00, 0x00, 
0x2a, 0x00, 0x55, 0x00, 0xdf, 0x01, 0x00, 0x00, 0x2a, 0x00, 0x0a, 0x00, 0xef, 0x01, 0x00, 0x00, 
0x2a, 0x00, 0x4c, 0x00, 0xf6, 0x01, 0x00, 0x00, 0x2a, 0x00, 0x3b, 0x00, 0xfa, 0x01, 0x00, 0x00, 
0x2a, 0x00, 0x4c, 0x00, 0xfc, 0x01, 0x00, 0x00, 0x2a, 0x00, 0x4c, 0x00, 0x00, 0x02, 0x00, 0x00, 
0x2a, 0x00, 0x4c, 0x00, 0x05, 0x02, 0x00, 0x00, 0x2a, 0x00, 0x76, 0x00, 0x06, 0x02, 0x00, 0x00, 
0x2a, 0x00, 0x4c, 0x00, 0x12, 0x02, 0x00, 0x00, 0x2a, 0x00, 0x4c, 0x00, 0x13, 0x02, 0x00, 0x00, 
0x2a, 0x00, 0x4c, 0x00, 0x14, 0x02, 0x00, 0x00, 0x2a, 0x00, 0x4c, 0x00, 0x21, 0x02, 0x00, 0x00, 
0x2a, 0x00, 0x4c, 0x00, 0x22, 0x02, 0x00, 0x00, 0x2a, 0x00, 0x4c, 0x00, 0x23, 0x02, 0x00, 0x00, 
0x2a, 0x00, 0x4c, 0x00, 0x28, 0x02, 0x00, 0x00, 0x2a, 0x00, 0x76, 0x00, 0x33, 0x02, 0x00, 0x00, 
0x2a, 0x00, 0x52, 0x00, 0x34, 0x02, 0x00, 0x00, 0x2b, 0x00, 0x64, 0x00, 0x4a, 0x00, 0x00, 0x00, 
0x2b, 0x00, 0x4c, 0x00, 0x09, 0x02, 0x00, 0x00, 0x2c, 0x00, 0x66, 0x00, 0x4a, 0x00, 0x00, 0x00, 
0x2c, 0x00, 0x4c, 0x00, 0x09, 0x02, 0x00, 0x00, 0x2d, 0x00, 0x4d, 0x00, 0xe0, 0x01, 0x00, 0x00, 
0x2e, 0x00, 0x49, 0x00, 0x17, 0x00, 0x00, 0x00, 0x2e, 0x00, 0x21, 0x00, 0x18, 0x00, 0x00, 0x00, 
0x2e, 0x00, 0x67, 0x00, 0x21, 0x00, 0x00, 0x00, 0x2e, 0x00, 0x13, 0x00, 0x37, 0x00, 0x00, 0x00, 
0x2e, 0x00, 0x4c, 0x00, 0x4a, 0x00, 0x00, 0x00, 0x2e, 0x00, 0x4c, 0x00, 0x23, 0x01, 0x00, 0x00, 
0x2e, 0x00, 0x1f, 0x00, 0x3c, 0x01, 0x00, 0x00, 0x2e, 0x00, 0x13, 0x00, 0xf9, 0x01, 0x00, 0x00, 
0x2e, 0x00, 0x65, 0x00, 0x03, 0x02, 0x00, 0x00, 0x2f, 0x00, 0x53, 0x00, 0x4a, 0x00, 0x00, 0x00, 
0x2f, 0x00, 0x58, 0x00, 0x13, 0x01, 0x00, 0x00, 0x2f, 0x00, 0x74, 0x00, 0x2e, 0x01, 0x00, 0x00, 
0x2f, 0x00, 0x17, 0x00, 0x61, 0x01, 0x00, 0x00, 0x2f, 0x00, 0x04, 0x00, 0x64, 0x01, 0x00, 0x00, 
0x2f, 0x00, 0x04, 0x00, 0x66, 0x01, 0x00, 0x00, 0x2f, 0x00, 0x4c, 0x00, 0x75, 0x01, 0x00, 0x00, 
0x2f, 0x00, 0x76, 0x00, 0x77, 0x01, 0x00, 0x00, 0x2f, 0x00, 0x56, 0x00, 0xe2, 0x01, 0x00, 0x00, 
0x2f, 0x00, 0x50, 0x00, 0xe4, 0x01, 0x00, 0x00, 0x2f, 0x00, 0x4c, 0x00, 0xfb, 0x01, 0x00, 0x00, 
0x2f, 0x00, 0x4c, 0x00, 0x04, 0x02, 0x00, 0x00, 0x2f, 0x00, 0x1d, 0x00, 0x07, 0x02, 0x00, 0x00, 
0x2f, 0x00, 0x70, 0x00, 0x17, 0x02, 0x00, 0x00, 0x2f, 0x00, 0x6a, 0x00, 0x18, 0x02, 0x00, 0x00, 
0x2f, 0x00, 0x50, 0x00, 0x1a, 0x02, 0x00, 0x00, 0x2f, 0x00, 0x6b, 0x00, 0x1b, 0x02, 0x00, 0x00, 
0x2f, 0x00, 0x4f, 0x00, 0x1e, 0x02, 0x00, 0x00, 0x2f, 0x00, 0x73, 0x00, 0x1f, 0x02, 0x00, 0x00, 
0x2f, 0x00, 0x19, 0x00, 0x2a, 0x02, 0x00, 0x00, 0x36, 0x00, 0x6d, 0x00, 0x4a, 0x00, 0x00, 0x00, 
0x36, 0x00, 0x76, 0x00, 0x41, 0x01, 0x00, 0x00, 0x36, 0x00, 0x76, 0x00, 0x7a, 0x01, 0x00, 0x00, 
0x36, 0x00, 0x10, 0x00, 0x80, 0x01, 0x00, 0x00, 0x36, 0x00, 0x10, 0x00, 0x82, 0x01, 0x00, 0x00, 
0x37, 0x00, 0x68, 0x00, 0x4a, 0x00, 0x00, 0x00, 0x37, 0x00, 0x6d, 0x00, 0x4a, 0x00, 0x00, 0x00, 
0x37, 0x00, 0x4c, 0x00, 0x28, 0x01, 0x00, 0x00, 0x37, 0x00, 0x0e, 0x00, 0xf8, 0x01, 0x00, 0x00, 
0x37, 0x00, 0x0f, 0x00, 0xf8, 0x01, 0x00, 0x00, 0x38, 0x00, 0x2a, 0x00, 0x3b, 0x02, 0x00, 0x00, 
0x39, 0x00, 0x38, 0x00, 0x30, 0x02, 0x00, 0x00, 0x3a, 0x00, 0x2c, 0x00, 0x46, 0x01, 0x00, 0x00, 
0x3a, 0x00, 0x2d, 0x00, 0x50, 0x01, 0x00, 0x00, 0x3a, 0x00, 0x46, 0x00, 0x53, 0x01, 0x00, 0x00, 
0x3a, 0x00, 0x47, 0x00, 0x54, 0x01, 0x00, 0x00, 0x3a, 0x00, 0x47, 0x00, 0x5d, 0x01, 0x00, 0x00, 
0x3c, 0x00, 0x77, 0x00, 0x7d, 0x01, 0x00, 0x00, 0x3e, 0x00, 0x04, 0x00, 0x74, 0x01, 0x00, 0x00, 
0x3e, 0x00, 0x2e, 0x00, 0x3b, 0x02, 0x00, 0x00, 0x3f, 0x00, 0x00, 0x00, 0x0e, 0x01, 0x00, 0x00, 
0x3f, 0x00, 0x11, 0x00, 0x0e, 0x01, 0x00, 0x00, 0x3f, 0x00, 0x00, 0x00, 0x24, 0x01, 0x00, 0x00, 
0x3f, 0x00, 0x06, 0x00, 0xd7, 0x01, 0x00, 0x00, 0x3f, 0x00, 0x12, 0x00, 0xd7, 0x01, 0x00, 0x00, 
0x3f, 0x00, 0x12, 0x00, 0xdb, 0x01, 0x00, 0x00, 0x3f, 0x00, 0x05, 0x00, 0x08, 0x02, 0x00, 0x00, 
0x40, 0x00, 0x4c, 0x00, 0x4a, 0x00, 0x00, 0x00, 0x42, 0x00, 0x75, 0x00, 0x4a, 0x00, 0x00, 0x00, 
0x42, 0x00, 0x79, 0x00, 0x2f, 0x01, 0x00, 0x00, 0x42, 0x00, 0x7a, 0x00, 0x3d, 0x01, 0x00, 0x00, 
0x42, 0x00, 0x7d, 0x00, 0x3e, 0x01, 0x00, 0x00, 0x42, 0x00, 0x3e, 0x00, 0x47, 0x01, 0x00, 0x00, 
0x42, 0x00, 0x04, 0x00, 0x6a, 0x01, 0x00, 0x00, 0x42, 0x00, 0x76, 0x00, 0x7b, 0x01, 0x00, 0x00, 
0x42, 0x00, 0x04, 0x00, 0x82, 0x01, 0x00, 0x00, 0x42, 0x00, 0x7d, 0x00, 0x25, 0x02, 0x00, 0x00, 
0x42, 0x00, 0x3f, 0x00, 0x2f, 0x02, 0x00, 0x00, 0x42, 0x00, 0x38, 0x00, 0x32, 0x02, 0x00, 0x00, 
0x42, 0x00, 0x3c, 0x00, 0x3b, 0x02, 0x00, 0x00, 0x43, 0x00, 0x4c, 0x00, 0x4a, 0x00, 0x00, 0x00, 
0x43, 0x00, 0x4f, 0x00, 0x4a, 0x00, 0x00, 0x00, 0x43, 0x00, 0x40, 0x00, 0x1c, 0x01, 0x00, 0x00, 
0x43, 0x00, 0x41, 0x00, 0x1c, 0x01, 0x00, 0x00, 0x43, 0x00, 0x42, 0x00, 0x1c, 0x01, 0x00, 0x00, 
0x43, 0x00, 0x43, 0x00, 0x1c, 0x01, 0x00, 0x00, 0x43, 0x00, 0x44, 0x00, 0x1c, 0x01, 0x00, 0x00, 
0x43, 0x00, 0x45, 0x00, 0x1c, 0x01, 0x00, 0x00, 0x43, 0x00, 0x4f, 0x00, 0x19, 0x02, 0x00, 0x00, 
0x43, 0x00, 0x38, 0x00, 0x30, 0x02, 0x00, 0x00, 0x44, 0x00, 0x09, 0x00, 0x6e, 0x01, 0x00, 0x00, 
0x45, 0x00, 0x38, 0x00, 0x5c, 0x01, 0x00, 0x00, 0x4b, 0x00, 0x33, 0x00, 0x4b, 0x01, 0x00, 0x00, 
0x4b, 0x00, 0x73, 0x00, 0x15, 0x02, 0x00, 0x00, 0x4d, 0x00, 0x38, 0x00, 0x5e, 0x01, 0x00, 0x00, 
0x4d, 0x00, 0x35, 0x00, 0x76, 0x01, 0x00, 0x00, 0x4e, 0x00, 0x32, 0x00, 0xdd, 0x01, 0x00, 0x00, 
0x4f, 0x00, 0x4f, 0x00, 0x4a, 0x00, 0x00, 0x00, 0x4f, 0x00, 0x7a, 0x00, 0x10, 0x01, 0x00, 0x00, 
0x4f, 0x00, 0x30, 0x00, 0x4b, 0x01, 0x00, 0x00, 0x4f, 0x00, 0x04, 0x00, 0x20, 0x02, 0x00, 0x00, 
0x50, 0x00, 0x76, 0x00, 0x69, 0x01, 0x00, 0x00, 0x50, 0x00, 0x2f, 0x00, 0xde, 0x01, 0x00, 0x00, 
0x51, 0x00, 0x48, 0x00, 0x7e, 0x01, 0x00, 0x00, 0x51, 0x00, 0x04, 0x00, 0x20, 0x02, 0x00, 0x00, 
0x53, 0x00, 0x4f, 0x00, 0x4a, 0x00, 0x00, 0x00, 0x53, 0x00, 0x04, 0x00, 0x4b, 0x01, 0x00, 0x00, 
0x53, 0x00, 0x04, 0x00, 0x6f, 0x01, 0x00, 0x00, 0x54, 0x00, 0x76, 0x00, 0xd6, 0x01, 0x00, 0x00, 
0x55, 0x00, 0x4b, 0x00, 0x2c, 0x01, 0x00, 0x00, 0x55, 0x00, 0x4a, 0x00, 0xd5, 0x01, 0x00, 0x00, 
0x56, 0x00, 0x6d, 0x00, 0x4a, 0x00, 0x00, 0x00, 0x56, 0x00, 0x7e, 0x00, 0xe8, 0x01, 0x00, 0x00, 
0x56, 0x00, 0x01, 0x00, 0xe9, 0x01, 0x00, 0x00, 0x56, 0x00, 0x0b, 0x00, 0xea, 0x01, 0x00, 0x00, 
0x56, 0x00, 0x3d, 0x00, 0xeb, 0x01, 0x00, 0x00, 0x1f, 0x00, 0x00, 0x00, 0x01, 0x36, 0x00, 0x00, 
0x40, 0x00, 0x00, 0x00, 0xa4, 0x54, 0x00, 0x00, 0x61, 0x00, 0x00, 0x00, 0x5c, 0x80, 0x00, 0x00, 
0x50, 0x7c, 0x00, 0x00, 0x00, 0x00, 0x00, 0x00, 0x20, 0x00, 0x00, 0x00, 0x11, 0x10, 0x00, 0x00, 
0x40, 0x00, 0x00, 0x00, 0x00, 0x00, 0x00, 0x00, 0x61, 0x00, 0x00, 0x00, 0x00, 0x00, 0x00, 0x00, 
0x60, 0x7c, 0x00, 0x00, 0x00, 0x00, 0x00, 0x00, 0x21, 0x00, 0x00, 0x00, 0x00, 0x00, 0x00, 0x00, 
0x0f, 0x00, 0x00, 0x00, 0x00, 0x00, 0x00, 0x00, 0x50, 0x00, 0x00, 0x00, 0x6c, 0x80, 0x00, 0x00, 
0x69, 0x7c, 0x00, 0x00, 0x00, 0x00, 0x00, 0x00, 0x22, 0x00, 0x00, 0x00, 0x00, 0x00, 0x00, 0x00, 
0x40, 0x00, 0x00, 0x00, 0xac, 0x54, 0x00, 0x00, 0x50, 0x00, 0x00, 0x00, 0x7c, 0x80, 0x00, 0x00, 
0x7a, 0x7c, 0x00, 0x00, 0x00, 0x00, 0x00, 0x00, 0x23, 0x00, 0x00, 0x00, 0x00, 0x00, 0x00, 0x00, 
0x05, 0x00, 0x00, 0x00, 0x00, 0x00, 0x00, 0x00, 0x50, 0x00, 0x00, 0x00, 0x7c, 0x80, 0x00, 0x00, 
0x8b, 0x7c, 0x00, 0x00, 0x00, 0x00, 0x00, 0x00, 0x2d, 0x00, 0x00, 0x00, 0x00, 0x06, 0x00, 0x00, 
0x40, 0x00, 0x00, 0x00, 0x00, 0x00, 0x00, 0x00, 0x53, 0x00, 0x00, 0x00, 0x8c, 0x80, 0x00, 0x00, 
0x9c, 0x7c, 0x00, 0x00, 0x00, 0x00, 0x00, 0x00, 0x24, 0x00, 0x00, 0x00, 0x00, 0x00, 0x00, 0x00, 
0x40, 0x00, 0x00, 0x00, 0xb4, 0x54, 0x00, 0x00, 0x50, 0x00, 0x00, 0x00, 0x7c, 0x80, 0x00, 0x00, 
0xa5, 0x7c, 0x00, 0x00, 0x00, 0x00, 0x00, 0x00, 0x25, 0x00, 0x00, 0x00, 0x00, 0x00, 0x00, 0x00, 
0x40, 0x00, 0x00, 0x00, 0xb4, 0x54, 0x00, 0x00, 0x50, 0x00, 0x00, 0x00, 0x9c, 0x80, 0x00, 0x00, 
0xb6, 0x7c, 0x00, 0x00, 0x00, 0x00, 0x00, 0x00, 0x26, 0x00, 0x00, 0x00, 0x00, 0x00, 0x00, 0x00, 
0x40, 0x00, 0x00, 0x00, 0xac, 0x54, 0x00, 0x00, 0x50, 0x00, 0x00, 0x00, 0x7c, 0x80, 0x00, 0x00, 
0xca, 0x7c, 0x00, 0x00, 0x00, 0x00, 0x00, 0x00, 0x27, 0x00, 0x00, 0x00, 0x00, 0x00, 0x00, 0x00, 
0x40, 0x00, 0x00, 0x00, 0xbc, 0x54, 0x00, 0x00, 0x50, 0x00, 0x00, 0x00, 0x7c, 0x80, 0x00, 0x00, 
0xdb, 0x7c, 0x00, 0x00, 0x00, 0x00, 0x00, 0x00, 0x28, 0x00, 0x00, 0x00, 0x00, 0x00, 0x00, 0x00, 
0x40, 0x00, 0x00, 0x00, 0xac, 0x54, 0x00, 0x00, 0x50, 0x00, 0x00, 0x00, 0x7c, 0x80, 0x00, 0x00, 
0xf0, 0x7c, 0x00, 0x00, 0x00, 0x00, 0x00, 0x00, 0x29, 0x00, 0x00, 0x00, 0x11, 0x10, 0x00, 0x00, 
0x40, 0x00, 0x00, 0x00, 0xc4, 0x54, 0x00, 0x00, 0x61, 0x00, 0x00, 0x00, 0xb4, 0x80, 0x00, 0x00, 
0x01, 0x7d, 0x00, 0x00, 0x00, 0x00, 0x00, 0x00, 0x2a, 0x00, 0x00, 0x00, 0x01, 0x00, 0x00, 0x00, 
0x40, 0x00, 0x00, 0x00, 0x00, 0x00, 0x00, 0x00, 0x50, 0x00, 0x00, 0x00, 0xc4, 0x80, 0x00, 0x00, 
0x12, 0x7d, 0x00, 0x00, 0xb7, 0x7f, 0x00, 0x00, 0x2b, 0x00, 0x00, 0x00, 0x00, 0x00, 0x00, 0x00, 
0x40, 0x00, 0x00, 0x00, 0xac, 0x54, 0x00, 0x00, 0x53, 0x00, 0x00, 0x00, 0xdc, 0x80, 0x00, 0x00, 
0xe7, 0x7e, 0x00, 0x00, 0x00, 0x00, 0x00, 0x00, 0x2c, 0x00, 0x00, 0x00, 0x00, 0x00, 0x00, 0x00, 
0x40, 0x00, 0x00, 0x00, 0xac, 0x54, 0x00, 0x00, 0x53, 0x00, 0x00, 0x00, 0xf4, 0x80, 0x00, 0x00, 
0x00, 0x7f, 0x00, 0x00, 0x00, 0x00, 0x00, 0x00, 0x2e, 0x00, 0x00, 0x00, 0x10, 0x00, 0x00, 0x00, 
0x40, 0x00, 0x00, 0x00, 0x00, 0x00, 0x00, 0x00, 0x53, 0x00, 0x00, 0x00, 0x0c, 0x81, 0x00, 0x00, 
0x19, 0x7f, 0x00, 0x00, 0xd9, 0x7f, 0x00, 0x00, 0x2f, 0x00, 0x00, 0x00, 0x01, 0x00, 0x00, 0x00, 
0x19, 0x00, 0x00, 0x00, 0x00, 0x00, 0x00, 0x00, 0x54, 0x00, 0x00, 0x00, 0x00, 0x00, 0x00, 0x00, 
0x55, 0x7f, 0x00, 0x00, 0xdc, 0x7f, 0x00, 0x00, 0x08, 0x00, 0x02, 0x00, 0x03, 0x00, 0x01, 0x00, 
0x32, 0x4f, 0x00, 0x00, 0x1a, 0x00, 0x00, 0x00, 0x1c, 0x00, 0x45, 0x00, 0x1a, 0x01, 0x14, 0x01, 
0x12, 0x12, 0x23, 0x23, 0x5b, 0x00, 0x1c, 0x04, 0x45, 0x00, 0x12, 0x05, 0x4d, 0x04, 0x03, 0x05, 
0x6e, 0x30, 0xc5, 0x00, 0x10, 0x03, 0x0c, 0x00, 0x23, 0x21, 0x5c, 0x00, 0x4d, 0x07, 0x01, 0x05, 
0x6e, 0x30, 0xed, 0x00, 0x60, 0x01, 0x28, 0x02, 0x0d, 0x06, 0x0e, 0x00, 0x00, 0x00, 0x00, 0x00, 
0x17, 0x00, 0x01, 0x00, 0x01, 0x01, 0x3d, 0x18, 0x04, 0x00, 0x04, 0x00, 0x03, 0x00, 0x00, 0x00, 
0x38, 0x4f, 0x00, 0x00, 0x06, 0x00, 0x00, 0x00, 0x5b, 0x01, 0x06, 0x00, 0x70, 0x30, 0x17, 0x00, 
0x20, 0x03, 0x0e, 0x00, 0x03, 0x00, 0x03, 0x00, 0x02, 0x00, 0x00, 0x00, 0x40, 0x4f, 0x00, 0x00, 
0x31, 0x00, 0x00, 0x00, 0x38, 0x02, 0x30, 0x00, 0x1a, 0x01, 0x2d, 0x01, 0x6e, 0x20, 0xda, 0x00, 
0x12, 0x00, 0x0a, 0x01, 0x39, 0x01, 0x0a, 0x00, 0x1a, 0x01, 0x36, 0x01, 0x6e, 0x20, 0xda, 0x00, 
0x12, 0x00, 0x0a, 0x01, 0x38, 0x01, 0x20, 0x00, 0x54, 0x01, 0x06, 0x00, 0x71, 0x10, 0x54, 0x00, 
0x01, 0x00, 0x0c, 0x01, 0x54, 0x02, 0x06, 0x00, 0x71, 0x10, 0x57, 0x00, 0x02, 0x00, 0x0c, 0x02, 
0x6e, 0x20, 0x1c, 0x00, 0x21, 0x00, 0x54, 0x01, 0x06, 0x00, 0x71, 0x10, 0x54, 0x00, 0x01, 0x00, 
0x0c, 0x01, 0x54, 0x02, 0x06, 0x00, 0x71, 0x10, 0x57, 0x00, 0x02, 0x00, 0x0c, 0x02, 0x6e, 0x20, 
0x1a, 0x00, 0x21, 0x00, 0x0e, 0x00, 0x00, 0x00, 0x02, 0x00, 0x02, 0x00, 0x01, 0x00, 0x00, 0x00, 
0x4c, 0x4f, 0x00, 0x00, 0x06, 0x00, 0x00, 0x00, 0x5b, 0x01, 0x07, 0x00, 0x70, 0x10, 0xd1, 0x00, 
0x00, 0x00, 0x0e, 0x00, 0x04, 0x00, 0x01, 0x00, 0x02, 0x00, 0x00, 0x00, 0x52, 0x4f, 0x00, 0x00, 
0x5a, 0x00, 0x00, 0x00, 0x22, 0x00, 0x36, 0x00, 0x1a, 0x01, 0x3e, 0x00, 0x70, 0x20, 0xb6, 0x00, 
0x10, 0x00, 0x6e, 0x10, 0xb7, 0x00, 0x00, 0x00, 0x0a, 0x00, 0x54, 0x31, 0x07, 0x00, 0x12, 0x02, 
0x38, 0x00, 0x10, 0x00, 0x71, 0x20, 0x5f, 0x00, 0x21, 0x00, 0x54, 0x30, 0x07, 0x00, 0x71, 0x10, 
0x70, 0x00, 0x00, 0x00, 0x54, 0x30, 0x07, 0x00, 0x71, 0x10, 0x66, 0x00, 0x00, 0x00, 0x0e, 0x00, 
0x71, 0x10, 0x68, 0x00, 0x01, 0x00, 0x54, 0x30, 0x07, 0x00, 0x71, 0x10, 0x6a, 0x00, 0x00, 0x00, 
0x54, 0x30, 0x07, 0x00, 0x12, 0x11, 0x71, 0x20, 0x65, 0x00, 0x10, 0x00, 0x54, 0x30, 0x07, 0x00, 
0x71, 0x20, 0x5c, 0x00, 0x20, 0x00, 0x54, 0x30, 0x07, 0x00, 0x71, 0x10, 0x58, 0x00, 0x00, 0x00, 
0x0a, 0x00, 0x38, 0x00, 0x18, 0x00, 0x54, 0x30, 0x07, 0x00, 0x71, 0x10, 0x53, 0x00, 0x00, 0x00, 
0x0a, 0x00, 0x38, 0x00, 0x10, 0x00, 0x54, 0x30, 0x07, 0x00, 0x71, 0x10, 0x55, 0x00, 0x00, 0x00, 
0x0a, 0x00, 0x39, 0x00, 0x08, 0x00, 0x54, 0x30, 0x07, 0x00, 0x71, 0x10, 0x6f, 0x00, 0x00, 0x00, 
0x28, 0x06, 0x54, 0x30, 0x07, 0x00, 0x71, 0x10, 0x70, 0x00, 0x00, 0x00, 0x54, 0x30, 0x07, 0x00, 
0x71, 0x10, 0x6b, 0x00, 0x00, 0x00, 0x0e, 0x00, 0x02, 0x00, 0x02, 0x00, 0x01, 0x00, 0x00, 0x00, 
0x6a, 0x4f, 0x00, 0x00, 0x06, 0x00, 0x00, 0x00, 0x5b, 0x01, 0x08, 0x00, 0x70, 0x10, 0x00, 0x00, 
0x00, 0x00, 0x0e, 0x00, 0x06, 0x00, 0x03, 0x00, 0x03, 0x00, 0x01, 0x00, 0x70, 0x4f, 0x00, 0x00, 
0x00, 0x01, 0x00, 0x00, 0x39, 0x05, 0x03, 0x00, 0x0e, 0x00, 0x6e, 0x10, 0x06, 0x00, 0x05, 0x00, 
0x0c, 0x04, 0x39, 0x04, 0x03, 0x00, 0x0e, 0x00, 0x6e, 0x10, 0xd7, 0x00, 0x04, 0x00, 0x0a, 0x00, 
0x12, 0x11, 0x12, 0x02, 0x2c, 0x00, 0xcc, 0x00, 0x00, 0x00, 0x28, 0x33, 0x1a, 0x00, 0x1a, 0x01, 
0x6e, 0x20, 0xd4, 0x00, 0x04, 0x00, 0x0a, 0x04, 0x38, 0x04, 0xf9, 0xff, 0x12, 0x24, 0x28, 0x2a, 
0x1a, 0x00, 0x17, 0x01, 0x6e, 0x20, 0xd4, 0x00, 0x04, 0x00, 0x0a, 0x04, 0x38, 0x04, 0xef, 0xff, 
0x12, 0x44, 0x28, 0x20, 0x1a, 0x00, 0x19, 0x01, 0x6e, 0x20, 0xd4, 0x00, 0x04, 0x00, 0x0a, 0x04, 
0x38, 0x04, 0xe5, 0xff, 0x12, 0x14, 0x28, 0x16, 0x1a, 0x00, 0x16, 0x01, 0x6e, 0x20, 0xd4, 0x00, 
0x04, 0x00, 0x0a, 0x04, 0x38, 0x04, 0xdb, 0xff, 0x12, 0x04, 0x28, 0x0c, 0x1a, 0x00, 0x18, 0x01, 
0x6e, 0x20, 0xd4, 0x00, 0x04, 0x00, 0x0a, 0x04, 0x38, 0x04, 0xd1, 0xff, 0x12, 0x34, 0x28, 0x02, 
0x12, 0xf4, 0x2b, 0x04, 0xab, 0x00, 0x00, 0x00, 0x29, 0x00, 0x73, 0x00, 0x54, 0x34, 0x08, 0x00, 
0x71, 0x20, 0x5c, 0x00, 0x24, 0x00, 0x54, 0x34, 0x08, 0x00, 0x71, 0x10, 0x5a, 0x00, 0x04, 0x00, 
0x0c, 0x04, 0x38, 0x04, 0x1a, 0x00, 0x54, 0x34, 0x08, 0x00, 0x71, 0x10, 0x5a, 0x00, 0x04, 0x00, 
0x0c, 0x04, 0x6e, 0x10, 0xa9, 0x00, 0x04, 0x00, 0x0a, 0x04, 0x39, 0x04, 0x03, 0x00, 0x28, 0x0c, 
0x54, 0x34, 0x08, 0x00, 0x71, 0x20, 0x65, 0x00, 0x14, 0x00, 0x54, 0x34, 0x08, 0x00, 0x71, 0x10, 
0x6b, 0x00, 0x04, 0x00, 0x28, 0x4d, 0x54, 0x34, 0x08, 0x00, 0x12, 0x05, 0x71, 0x20, 0x64, 0x00, 
0x54, 0x00, 0x54, 0x34, 0x08, 0x00, 0x71, 0x20, 0x5d, 0x00, 0x54, 0x00, 0x54, 0x34, 0x08, 0x00, 
0x71, 0x10, 0x6d, 0x00, 0x04, 0x00, 0x28, 0x3c, 0x54, 0x34, 0x08, 0x00, 0x71, 0x20, 0x62, 0x00, 
0x24, 0x00, 0x54, 0x34, 0x08, 0x00, 0x71, 0x10, 0x70, 0x00, 0x04, 0x00, 0x28, 0x31, 0x54, 0x34, 
0x08, 0x00, 0x71, 0x20, 0x62, 0x00, 0x14, 0x00, 0x54, 0x34, 0x08, 0x00, 0x71, 0x20, 0x5c, 0x00, 
0x24, 0x00, 0x54, 0x34, 0x08, 0x00, 0x71, 0x10, 0x6d, 0x00, 0x04, 0x00, 0x54, 0x34, 0x08, 0x00, 
0x71, 0x10, 0x53, 0x00, 0x04, 0x00, 0x0a, 0x04, 0x38, 0x04, 0x0f, 0x00, 0x54, 0x34, 0x08, 0x00, 
0x71, 0x10, 0x55, 0x00, 0x04, 0x00, 0x0a, 0x04, 0x39, 0x04, 0x07, 0x00, 0x54, 0x34, 0x08, 0x00, 
0x71, 0x10, 0x6f, 0x00, 0x04, 0x00, 0x54, 0x34, 0x08, 0x00, 0x71, 0x10, 0x6b, 0x00, 0x04, 0x00, 
0x28, 0x07, 0x54, 0x34, 0x08, 0x00, 0x71, 0x30, 0x69, 0x00, 0x54, 0x02, 0x00, 0x00, 0x28, 0x1e, 
0x0d, 0x04, 0x71, 0x10, 0xdd, 0x00, 0x04, 0x00, 0x0c, 0x04, 0x22, 0x05, 0x43, 0x00, 0x70, 0x10, 
0xde, 0x00, 0x05, 0x00, 0x1a, 0x00, 0xe3, 0x00, 0x6e, 0x20, 0xe4, 0x00, 0x05, 0x00, 0x0c, 0x05, 
0x6e, 0x20, 0xe4, 0x00, 0x45, 0x00, 0x0c, 0x04, 0x6e, 0x10, 0xe7, 0x00, 0x04, 0x00, 0x0c, 0x04, 
0x1a, 0x05, 0x4e, 0x00, 0x71, 0x20, 0x27, 0x00, 0x45, 0x00, 0x0e, 0x00, 0x00, 0x02, 0x05, 0x00, 
0x81, 0x15, 0x27, 0x81, 0xdd, 0xc6, 0x4d, 0xa4, 0x6d, 0xd7, 0x53, 0xa9, 0x86, 0x00, 0x78, 0x09, 
0x6c, 0x1d, 0x1a, 0x31, 0x2c, 0x00, 0x00, 0x00, 0x22, 0x00, 0x00, 0x00, 0x18, 0x00, 0x00, 0x00, 
0x0e, 0x00, 0x00, 0x00, 0x04, 0x00, 0x00, 0x00, 0x00, 0x01, 0x05, 0x00, 0x00, 0x00, 0x00, 0x00, 
0x70, 0x00, 0x00, 0x00, 0x46, 0x00, 0x00, 0x00, 0x46, 0x00, 0x00, 0x00, 0x3b, 0x00, 0x00, 0x00, 
0x05, 0x00, 0x00, 0x00, 0x0a, 0x00, 0x00, 0x00, 0xb2, 0x00, 0x01, 0x00, 0x01, 0x00, 0xbe, 0x01, 
0x02, 0x00, 0x02, 0x00, 0x01, 0x00, 0x00, 0x00, 0xa6, 0x4f, 0x00, 0x00, 0x06, 0x00, 0x00, 0x00, 
0x5b, 0x01, 0x09, 0x00, 0x70, 0x10, 0xd1, 0x00, 0x00, 0x00, 0x0e, 0x00, 0x07, 0x00, 0x04, 0x00, 
0x03, 0x00, 0x00, 0x00, 0xac, 0x4f, 0x00, 0x00, 0x5d, 0x00, 0x00, 0x00, 0x54, 0x30, 0x09, 0x00, 
0x71, 0x10, 0x58, 0x00, 0x00, 0x00, 0x0a, 0x00, 0x38, 0x00, 0x56, 0x00, 0x54, 0x30, 0x09, 0x00, 
0x71, 0x10, 0x53, 0x00, 0x00, 0x00, 0x0a, 0x00, 0x39, 0x00, 0x03, 0x00, 0x28, 0x4c, 0x12, 0x10, 
0x38, 0x06, 0x27, 0x00, 0x19, 0x01, 0xf0, 0x3f, 0x2f, 0x06, 0x04, 0x01, 0x3a, 0x06, 0x21, 0x00, 
0x18, 0x01, 0x00, 0x00, 0x00, 0x00, 0x00, 0x88, 0xd3, 0x40, 0x30, 0x06, 0x04, 0x01, 0x3b, 0x06, 
0x18, 0x00, 0x54, 0x36, 0x09, 0x00, 0x71, 0x30, 0x5e, 0x00, 0x46, 0x05, 0x54, 0x34, 0x09, 0x00, 
0x71, 0x20, 0x60, 0x00, 0x04, 0x00, 0x54, 0x34, 0x09, 0x00, 0x12, 0x05, 0x71, 0x20, 0x63, 0x00, 
0x54, 0x00, 0x54, 0x34, 0x09, 0x00, 0x71, 0x10, 0x6b, 0x00, 0x04, 0x00, 0x28, 0x23, 0x54, 0x34, 
0x09, 0x00, 0x71, 0x10, 0x59, 0x00, 0x04, 0x00, 0x0a, 0x05, 0xb0, 0x05, 0x71, 0x20, 0x63, 0x00, 
0x54, 0x00, 0x54, 0x34, 0x09, 0x00, 0x71, 0x10, 0x59, 0x00, 0x04, 0x00, 0x0a, 0x04, 0x12, 0x55, 
0x34, 0x54, 0x11, 0x00, 0x54, 0x34, 0x09, 0x00, 0x71, 0x10, 0x55, 0x00, 0x04, 0x00, 0x0a, 0x04, 
0x39, 0x04, 0x09, 0x00, 0x1a, 0x04, 0x4e, 0x00, 0x1a, 0x05, 0x56, 0x00, 0x71, 0x20, 0x27, 0x00, 
0x54, 0x00, 0x0e, 0x00, 0x0e, 0x00, 0x00, 0x00, 0x04, 0x00, 0x04, 0x00, 0x01, 0x00, 0x00, 0x00, 
0xc5, 0x4f, 0x00, 0x00, 0x08, 0x00, 0x00, 0x00, 0x5b, 0x01, 0x0a, 0x00, 0x5a, 0x02, 0x0b, 0x00, 
0x70, 0x10, 0xd1, 0x00, 0x00, 0x00, 0x0e, 0x00, 0x07, 0x00, 0x04, 0x00, 0x04, 0x00, 0x00, 0x00, 
0xcc, 0x4f, 0x00, 0x00, 0x76, 0x00, 0x00, 0x00, 0x38, 0x06, 0x6e, 0x00, 0x54, 0x36, 0x0a, 0x00, 
0x54, 0x66, 0x0c, 0x00, 0x71, 0x30, 0x5e, 0x00, 0x46, 0x05, 0x54, 0x36, 0x0a, 0x00, 0x54, 0x66, 
0x0c, 0x00, 0x12, 0x10, 0x71, 0x20, 0x60, 0x00, 0x06, 0x00, 0x53, 0x31, 0x0b, 0x00, 0xcc, 0x14, 
0x71, 0x20, 0xca, 0x00, 0x54, 0x00, 0x0b, 0x04, 0x19, 0x01, 0x39, 0x40, 0x30, 0x06, 0x04, 0x01, 
0x54, 0x34, 0x0a, 0x00, 0x3b, 0x06, 0x2f, 0x00, 0x54, 0x44, 0x0c, 0x00, 0x52, 0x45, 0x3b, 0x00, 
0xb0, 0x05, 0x59, 0x45, 0x3b, 0x00, 0x54, 0x34, 0x0a, 0x00, 0x54, 0x44, 0x0c, 0x00, 0x52, 0x44, 
0x3b, 0x00, 0x12, 0x35, 0x37, 0x54, 0x39, 0x00, 0x54, 0x34, 0x0a, 0x00, 0x54, 0x44, 0x0c, 0x00, 
0x54, 0x35, 0x0a, 0x00, 0x54, 0x55, 0x0c, 0x00, 0x53, 0x55, 0x3a, 0x00, 0x16, 0x00, 0x02, 0x00, 
0x9d, 0x05, 0x05, 0x00, 0x16, 0x00, 0xe8, 0x03, 0x71, 0x40, 0xce, 0x00, 0x10, 0x65, 0x0b, 0x05, 
0x16, 0x00, 0x10, 0x27, 0x71, 0x40, 0xcf, 0x00, 0x10, 0x65, 0x0b, 0x05, 0x5a, 0x45, 0x3a, 0x00, 
0x28, 0x1b, 0x54, 0x44, 0x0c, 0x00, 0x12, 0x05, 0x59, 0x45, 0x3b, 0x00, 0x54, 0x34, 0x0a, 0x00, 
0x54, 0x44, 0x0c, 0x00, 0x54, 0x35, 0x0a, 0x00, 0x54, 0x55, 0x0c, 0x00, 0x71, 0x10, 0x56, 0x00, 
0x05, 0x00, 0x0a, 0x05, 0x81, 0x55, 0x16, 0x00, 0xf4, 0x01, 0x71, 0x40, 0xce, 0x00, 0x10, 0x65, 
0x0b, 0x05, 0x5a, 0x45, 0x3a, 0x00, 0x54, 0x34, 0x0a, 0x00, 0x54, 0x44, 0x0c, 0x00, 0x71, 0x10, 
0x6b, 0x00, 0x04, 0x00, 0x54, 0x34, 0x0a, 0x00, 0x54, 0x44, 0x0c, 0x00, 0x6e, 0x10, 0x8c, 0x00, 
0x04, 0x00, 0x0e, 0x00, 0x02, 0x00, 0x02, 0x00, 0x01, 0x00, 0x00, 0x00, 0xe6, 0x4f, 0x00, 0x00, 
0x06, 0x00, 0x00, 0x00, 0x5b, 0x01, 0x0c, 0x00, 0x70, 0x10, 0xd1, 0x00, 0x00, 0x00, 0x0e, 0x00, 
0x03, 0x00, 0x01, 0x00, 0x02, 0x00, 0x00, 0x00, 0xec, 0x4f, 0x00, 0x00, 0x66, 0x00, 0x00, 0x00, 
0x54, 0x20, 0x0c, 0x00, 0x71, 0x10, 0x58, 0x00, 0x00, 0x00, 0x0a, 0x00, 0x38, 0x00, 0x59, 0x00, 
0x54, 0x20, 0x0c, 0x00, 0x71, 0x10, 0x53, 0x00, 0x00, 0x00, 0x0a, 0x00, 0x38, 0x00, 0x51, 0x00, 
0x54, 0x20, 0x0c, 0x00, 0x71, 0x10, 0x55, 0x00, 0x00, 0x00, 0x0a, 0x00, 0x38, 0x00, 0x03, 0x00, 
0x28, 0x47, 0x54, 0x20, 0x0c, 0x00, 0x71, 0x10, 0x5a, 0x00, 0x00, 0x00, 0x0c, 0x00, 0x38, 0x00, 
0x35, 0x00, 0x54, 0x20, 0x0c, 0x00, 0x71, 0x10, 0x5a, 0x00, 0x00, 0x00, 0x0c, 0x00, 0x6e, 0x10, 
0xa9, 0x00, 0x00, 0x00, 0x0a, 0x00, 0x39, 0x00, 0x03, 0x00, 0x28, 0x27, 0x54, 0x20, 0x0c, 0x00, 
0x71, 0x10, 0x52, 0x00, 0x00, 0x00, 0x0a, 0x00, 0x38, 0x00, 0x15, 0x00, 0x54, 0x20, 0x0c, 0x00, 
0x71, 0x10, 0x67, 0x00, 0x00, 0x00, 0x0a, 0x00, 0x39, 0x00, 0x0d, 0x00, 0x54, 0x20, 0x0c, 0x00, 
0x71, 0x10, 0x66, 0x00, 0x00, 0x00, 0x54, 0x20, 0x0c, 0x00, 0x71, 0x10, 0x6e, 0x00, 0x00, 0x00, 
0x0e, 0x00, 0x54, 0x20, 0x0c, 0x00, 0x71, 0x10, 0x6c, 0x00, 0x00, 0x00, 0x54, 0x20, 0x0c, 0x00, 
0x71, 0x10, 0x6e, 0x00, 0x00, 0x00, 0x0e, 0x00, 0x54, 0x20, 0x0c, 0x00, 0x71, 0x10, 0x6d, 0x00, 
0x00, 0x00, 0x54, 0x20, 0x0c, 0x00, 0x71, 0x10, 0x6e, 0x00, 0x00, 0x00, 0x0e, 0x00, 0x54, 0x20, 
0x0c, 0x00, 0x12, 0x01, 0x71, 0x20, 0x61, 0x00, 0x10, 0x00, 0x0e, 0x00, 0x02, 0x00, 0x02, 0x00, 
0x01, 0x00, 0x00, 0x00, 0x06, 0x50, 0x00, 0x00, 0x06, 0x00, 0x00, 0x00, 0x5b, 0x01, 0x0d, 0x00, 
0x70, 0x10, 0xd1, 0x00, 0x00, 0x00, 0x0e, 0x00, 0x03, 0x00, 0x02, 0x00, 0x02, 0x00, 0x00, 0x00, 
0x0c, 0x50, 0x00, 0x00, 0x2f, 0x00, 0x00, 0x00, 0x54, 0x12, 0x0d, 0x00, 0x12, 0x00, 0x71, 0x20, 
0x5c, 0x00, 0x02, 0x00, 0x54, 0x12, 0x0d, 0x00, 0x12, 0x10, 0x71, 0x20, 0x65, 0x00, 0x02, 0x00, 
0x54, 0x12, 0x0d, 0x00, 0x71, 0x10, 0x58, 0x00, 0x02, 0x00, 0x0a, 0x02, 0x38, 0x02, 0x17, 0x00, 
0x54, 0x12, 0x0d, 0x00, 0x71, 0x10, 0x53, 0x00, 0x02, 0x00, 0x0a, 0x02, 0x38, 0x02, 0x0f, 0x00, 
0x54, 0x12, 0x0d, 0x00, 0x71, 0x10, 0x55, 0x00, 0x02, 0x00, 0x0a, 0x02, 0x39, 0x02, 0x07, 0x00, 
0x54, 0x12, 0x0d, 0x00, 0x71, 0x10, 0x6f, 0x00, 0x02, 0x00, 0x54, 0x12, 0x0d, 0x00, 0x71, 0x10, 
0x6b, 0x00, 0x02, 0x00, 0x0e, 0x00, 0x00, 0x00, 0x03, 0x00, 0x02, 0x00, 0x02, 0x00, 0x00, 0x00, 
0x19, 0x50, 0x00, 0x00, 0x17, 0x00, 0x00, 0x00, 0x54, 0x12, 0x0d, 0x00, 0x12, 0x00, 0x71, 0x20, 
0x64, 0x00, 0x02, 0x00, 0x54, 0x12, 0x0d, 0x00, 0x71, 0x20, 0x5d, 0x00, 0x02, 0x00, 0x54, 0x12, 
0x0d, 0x00, 0x12, 0x00, 0x71, 0x20, 0x5c, 0x00, 0x02, 0x00, 0x54, 0x12, 0x0d, 0x00, 0x71, 0x10, 
0x6d, 0x00, 0x02, 0x00, 0x0e, 0x00, 0x00, 0x00, 0x02, 0x00, 0x02, 0x00, 0x01, 0x00, 0x00, 0x00, 
0x23, 0x50, 0x00, 0x00, 0x06, 0x00, 0x00, 0x00, 0x5b, 0x01, 0x0e, 0x00, 0x70, 0x10, 0xd1, 0x00, 
0x00, 0x00, 0x0e, 0x00, 0x04, 0x00, 0x01, 0x00, 0x02, 0x00, 0x00, 0x00, 0x29, 0x50, 0x00, 0x00, 
0x55, 0x00, 0x00, 0x00, 0x54, 0x30, 0x0e, 0x00, 0x12, 0x01, 0x71, 0x20, 0x5b, 0x00, 0x10, 0x00, 
0x54, 0x30, 0x0e, 0x00, 0x71, 0x10, 0x5a, 0x00, 0x00, 0x00, 0x0c, 0x00, 0x38, 0x00, 0x0f, 0x00, 
0x54, 0x30, 0x0e, 0x00, 0x71, 0x10, 0x5a, 0x00, 0x00, 0x00, 0x0c, 0x00, 0x6e, 0x10, 0xa9, 0x00, 
0x00, 0x00, 0x0a, 0x00, 0x38, 0x00, 0x03, 0x00, 0x0e, 0x00, 0x54, 0x30, 0x0e, 0x00, 0x71, 0x10, 
0x71, 0x00, 0x00, 0x00, 0x0a, 0x00, 0x54, 0x32, 0x0e, 0x00, 0x38, 0x00, 0x23, 0x00, 0x71, 0x20, 
0x5c, 0x00, 0x12, 0x00, 0x54, 0x30, 0x0e, 0x00, 0x71, 0x10, 0x58, 0x00, 0x00, 0x00, 0x0a, 0x00, 
0x38, 0x00, 0x17, 0x00, 0x54, 0x30, 0x0e, 0x00, 0x71, 0x10, 0x53, 0x00, 0x00, 0x00, 0x0a, 0x00, 
0x38, 0x00, 0x0f, 0x00, 0x54, 0x30, 0x0e, 0x00, 0x71, 0x10, 0x55, 0x00, 0x00, 0x00, 0x0a, 0x00, 
0x39, 0x00, 0x07, 0x00, 0x54, 0x30, 0x0e, 0x00, 0x71, 0x10, 0x6f, 0x00, 0x00, 0x00, 0x0e, 0x00, 
0x71, 0x10, 0x51, 0x00, 0x02, 0x00, 0x0a, 0x00, 0xd8, 0x00, 0x00, 0x01, 0x71, 0x20, 0x5c, 0x00, 
0x02, 0x00, 0x54, 0x30, 0x0e, 0x00, 0x71, 0x10, 0x6d, 0x00, 0x00, 0x00, 0x0e, 0x00, 0x00, 0x00, 
0x05, 0x00, 0x04, 0x00, 0x04, 0x00, 0x00, 0x00, 0x40, 0x50, 0x00, 0x00, 0x07, 0x00, 0x00, 0x00, 
0x54, 0x10, 0x0f, 0x00, 0x71, 0x40, 0x50, 0x00, 0x20, 0x43, 0x0c, 0x02, 0x11, 0x02, 0x00, 0x00, 
0x02, 0x00, 0x02, 0x00, 0x01, 0x00, 0x00, 0x00, 0x47, 0x50, 0x00, 0x00, 0x06, 0x00, 0x00, 0x00, 
0x70, 0x10, 0xd1, 0x00, 0x00, 0x00, 0x5b, 0x01, 0x0f, 0x00, 0x0e, 0x00, 0x05, 0x00, 0x05, 0x00, 
0x01, 0x00, 0x00, 0x00, 0x4c, 0x50, 0x00, 0x00, 0x0a, 0x00, 0x00, 0x00, 0x5b, 0x01, 0x59, 0x00, 
0x5a, 0x02, 0x5a, 0x00, 0x5c, 0x04, 0x5b, 0x00, 0x70, 0x10, 0xd1, 0x00, 0x00, 0x00, 0x0e, 0x00, 
0x05, 0x00, 0x01, 0x00, 0x04, 0x00, 0x00, 0x00, 0x53, 0x50, 0x00, 0x00, 0x2c, 0x00, 0x00, 0x00, 
0x54, 0x40, 0x59, 0x00, 0x52, 0x00, 0x5e, 0x00, 0x54, 0x41, 0x59, 0x00, 0x54, 0x11, 0x5c, 0x00, 
0x71, 0x10, 0x99, 0x00, 0x01, 0x00, 0x0c, 0x01, 0x6e, 0x10, 0xf8, 0x00, 0x01, 0x00, 0x0a, 0x01, 
0x54, 0x42, 0x59, 0x00, 0x12, 0x03, 0x32, 0x10, 0x08, 0x00, 0x54, 0x20, 0x5c, 0x00, 0x71, 0x20, 
0x9b, 0x00, 0x30, 0x00, 0x0e, 0x00, 0x54, 0x20, 0x5c, 0x00, 0x71, 0x20, 0x9b, 0x00, 0x30, 0x00, 
0x54, 0x40, 0x59, 0x00, 0x54, 0x00, 0x5d, 0x00, 0x53, 0x41, 0x5a, 0x00, 0x55, 0x43, 0x5b, 0x00, 
0x72, 0x40, 0x98, 0x00, 0x10, 0x32, 0x0e, 0x00, 0x04, 0x00, 0x04, 0x00, 0x01, 0x00, 0x00, 0x00, 
0x60, 0x50, 0x00, 0x00, 0x0a, 0x00, 0x00, 0x00, 0x5b, 0x01, 0x5c, 0x00, 0x59, 0x02, 0x5e, 0x00, 
0x5b, 0x03, 0x5d, 0x00, 0x70, 0x10, 0xd1, 0x00, 0x00, 0x00, 0x0e, 0x00, 0x07, 0x00, 0x01, 0x00, 
0x05, 0x00, 0x00, 0x00, 0x67, 0x50, 0x00, 0x00, 0x44, 0x00, 0x00, 0x00, 0x52, 0x60, 0x5e, 0x00, 
0x54, 0x61, 0x5c, 0x00, 0x71, 0x10, 0x99, 0x00, 0x01, 0x00, 0x0c, 0x01, 0x6e, 0x10, 0xf8, 0x00, 
0x01, 0x00, 0x0a, 0x01, 0x12, 0x02, 0x32, 0x10, 0x08, 0x00, 0x54, 0x60, 0x5c, 0x00, 0x71, 0x20, 
0x9b, 0x00, 0x20, 0x00, 0x0e, 0x00, 0x1a, 0x00, 0x3f, 0x00, 0x71, 0x10, 0x9c, 0x00, 0x00, 0x00, 
0x0b, 0x00, 0x19, 0x03, 0x00, 0x80, 0x31, 0x05, 0x00, 0x03, 0x38, 0x05, 0x03, 0x00, 0x12, 0x12, 
0x38, 0x02, 0x11, 0x00, 0x71, 0x20, 0xcb, 0x00, 0x10, 0x00, 0x0b, 0x00, 0x86, 0x00, 0x18, 0x03, 
0x00, 0x00, 0x00, 0x00, 0x00, 0x40, 0x8f, 0x40, 0x71, 0x20, 0xc7, 0x00, 0x10, 0x00, 0xce, 0x30, 
0x28, 0x03, 0x16, 0x00, 0x00, 0x00, 0x54, 0x63, 0x5c, 0x00, 0x71, 0x10, 0x9a, 0x00, 0x03, 0x00, 
0x0c, 0x03, 0x22, 0x04, 0x2b, 0x00, 0x70, 0x52, 0x94, 0x00, 0x64, 0x10, 0x6e, 0x20, 0x1a, 0x00, 
0x43, 0x00, 0x0e, 0x00, 0x01, 0x00, 0x01, 0x00, 0x00, 0x00, 0x00, 0x00, 0x00, 0x00, 0x00, 0x00, 
0x03, 0x00, 0x00, 0x00, 0x54, 0x00, 0x63, 0x00, 0x11, 0x00, 0x00, 0x00, 0x04, 0x00, 0x01, 0x00, 
0x03, 0x00, 0x01, 0x00, 0x76, 0x50, 0x00, 0x00, 0x2e, 0x00, 0x00, 0x00, 0x54, 0x30, 0x62, 0x00, 
0x38, 0x00, 0x05, 0x00, 0x54, 0x30, 0x62, 0x00, 0x11, 0x00, 0x22, 0x00, 0x11, 0x00, 0x1a, 0x01, 
0x52, 0x00, 0x13, 0x02, 0x0a, 0x00, 0x70, 0x30, 0x1e, 0x00, 0x10, 0x02, 0x5b, 0x30, 0x64, 0x00, 
0x54, 0x30, 0x64, 0x00, 0x6e, 0x10, 0x20, 0x00, 0x00, 0x00, 0x22, 0x00, 0x10, 0x00, 0x54, 0x31, 
0x64, 0x00, 0x6e, 0x10, 0x1f, 0x00, 0x01, 0x00, 0x0c, 0x01, 0x70, 0x20, 0x19, 0x00, 0x10, 0x00, 
0x5b, 0x30, 0x62, 0x00, 0x54, 0x30, 0x62, 0x00, 0x11, 0x00, 0x0d, 0x00, 0x12, 0x00, 0x5b, 0x30, 
0x64, 0x00, 0x5b, 0x30, 0x62, 0x00, 0x11, 0x00, 0x07, 0x00, 0x00, 0x00, 0x1f, 0x00, 0x01, 0x00, 
0x01, 0x00, 0x27, 0x00, 0x01, 0x00, 0x01, 0x00, 0x00, 0x00, 0x00, 0x00, 0x00, 0x00, 0x00, 0x00, 
0x03, 0x00, 0x00, 0x00, 0x54, 0x00, 0x61, 0x00, 0x11, 0x00, 0x00, 0x00, 0x03, 0x00, 0x01, 0x00, 
0x01, 0x00, 0x00, 0x00, 0x00, 0x00, 0x00, 0x00, 0x05, 0x00, 0x00, 0x00, 0x71, 0x10, 0xa0, 0x00, 
0x02, 0x00, 0x0b, 0x00, 0x10, 0x00, 0x00, 0x00, 0x10, 0x00, 0x01, 0x00, 0x02, 0x00, 0x07, 0x00, 
0x83, 0x50, 0x00, 0x00, 0x71, 0x00, 0x00, 0x00, 0x19, 0x00, 0x00, 0x80, 0x22, 0x02, 0x37, 0x00, 
0x70, 0x20, 0xbc, 0x00, 0xf2, 0x00, 0x13, 0x0f, 0x20, 0x00, 0x23, 0xf3, 0x59, 0x00, 0x6e, 0x20, 
0xbe, 0x00, 0x32, 0x00, 0x0a, 0x04, 0x3c, 0x04, 0x07, 0x00, 0x00, 0x00, 0x6e, 0x10, 0xbd, 0x00, 
0x02, 0x00, 0x10, 0x00, 0x00, 0x00, 0x00, 0x00, 0x00, 0x00, 0x12, 0x05, 0x16, 0x06, 0x00, 0x00, 
0x04, 0x68, 0x12, 0x06, 0x12, 0x07, 0x35, 0x45, 0x38, 0x00, 0x48, 0x0a, 0x03, 0x05, 0x8e, 0xaa, 
0x13, 0x0b, 0x2d, 0x00, 0x12, 0x1c, 0x33, 0xba, 0x04, 0x00, 0x12, 0x17, 0x28, 0x2a, 0x13, 0x0b, 
0x30, 0x00, 0x34, 0xba, 0x10, 0x00, 0x13, 0x0b, 0x39, 0x00, 0x36, 0xba, 0x0c, 0x00, 0x16, 0x0d, 
0x0a, 0x00, 0x9d, 0x08, 0x08, 0x0d, 0xd8, 0x0a, 0x0a, 0xd0, 0x81, 0xaa, 0xbb, 0xa8, 0x12, 0x16, 
0x28, 0x18, 0x13, 0x0b, 0x0a, 0x00, 0x32, 0xba, 0x12, 0x00, 0x13, 0x0b, 0x0d, 0x00, 0x32, 0xba, 
0x0e, 0x00, 0x32, 0xfa, 0x0c, 0x00, 0x13, 0x0b, 0x09, 0x00, 0x33, 0xba, 0x03, 0x00, 0x28, 0x06, 
0x00, 0x00, 0x6e, 0x10, 0xbd, 0x00, 0x02, 0x00, 0x10, 0x00, 0x38, 0x06, 0x03, 0x00, 0x28, 0x04, 
0xd8, 0x05, 0x05, 0x01, 0x28, 0xc9, 0x39, 0x06, 0x07, 0x00, 0x00, 0x00, 0x6e, 0x10, 0xbd, 0x00, 
0x02, 0x00, 0x10, 0x00, 0x38, 0x07, 0x03, 0x00, 0x7d, 0x88, 0x6e, 0x10, 0xbd, 0x00, 0x02, 0x00, 
0x10, 0x08, 0x0d, 0x0f, 0x6e, 0x10, 0xbd, 0x00, 0x02, 0x00, 0x28, 0x05, 0x0d, 0x02, 0x71, 0x20, 
0x3c, 0x00, 0x2f, 0x00, 0x27, 0x0f, 0x0d, 0x0f, 0x10, 0x00, 0x00, 0x00, 0x02, 0x00, 0x00, 0x00, 
0x05, 0x00, 0x01, 0x00, 0x09, 0x00, 0x00, 0x00, 0x06, 0x00, 0x03, 0x00, 0x12, 0x00, 0x00, 0x00, 
0x03, 0x00, 0x01, 0x00, 0x21, 0x00, 0x00, 0x00, 0x02, 0x00, 0x03, 0x00, 0x4d, 0x00, 0x00, 0x00, 
0x17, 0x00, 0x01, 0x00, 0x66, 0x00, 0x00, 0x00, 0x03, 0x00, 0x05, 0x00, 0x6b, 0x00, 0x00, 0x00, 
0x04, 0x00, 0x01, 0x00, 0x03, 0x00, 0x6f, 0x00, 0x65, 0x00, 0x6a, 0x00, 0x02, 0x00, 0x02, 0x00, 
0x00, 0x00, 0x00, 0x00, 0x00, 0x00, 0x00, 0x00, 0x03, 0x00, 0x00, 0x00, 0x5c, 0x01, 0x60, 0x00, 
0x0e, 0x00, 0x00, 0x00, 0x03, 0x00, 0x01, 0x00, 0x02, 0x00, 0x00, 0x00, 0xb7, 0x50, 0x00, 0x00, 
0x17, 0x00, 0x00, 0x00, 0x70, 0x10, 0xd1, 0x00, 0x02, 0x00, 0x22, 0x00, 0x10, 0x00, 0x71, 0x00, 
0x21, 0x00, 0x00, 0x00, 0x0c, 0x01, 0x70, 0x20, 0x19, 0x00, 0x10, 0x00, 0x5b, 0x20, 0x63, 0x00, 
0x22, 0x00, 0x53, 0x00, 0x12, 0x01, 0x70, 0x20, 0xf7, 0x00, 0x10, 0x00, 0x5b, 0x20, 0x61, 0x00, 
0x0e, 0x00, 0x00, 0x00, 0x03, 0x00, 0x01, 0x00, 0x02, 0x00, 0x00, 0x00, 0xbf, 0x50, 0x00, 0x00, 
0x13, 0x00, 0x00, 0x00, 0x54, 0x20, 0x61, 0x00, 0x6e, 0x10, 0xf9, 0x00, 0x00, 0x00, 0x12, 0x00, 
0x5c, 0x20, 0x60, 0x00, 0x54, 0x20, 0x62, 0x00, 0x38, 0x00, 0x08, 0x00, 0x54, 0x20, 0x62, 0x00, 
0x12, 0x01, 0x6e, 0x20, 0x1d, 0x00, 0x10, 0x00, 0x0e, 0x00, 0x00, 0x00, 0x05, 0x00, 0x02, 0x00, 
0x04, 0x00, 0x00, 0x00, 0xc7, 0x50, 0x00, 0x00, 0x1e, 0x00, 0x00, 0x00, 0x70, 0x10, 0x9f, 0x00, 
0x03, 0x00, 0x0c, 0x00, 0x38, 0x00, 0x19, 0x00, 0x55, 0x31, 0x60, 0x00, 0x38, 0x01, 0x03, 0x00, 
0x28, 0x13, 0x12, 0x11, 0x5c, 0x31, 0x60, 0x00, 0x54, 0x31, 0x61, 0x00, 0x6e, 0x10, 0xf8, 0x00, 
0x01, 0x00, 0x0a, 0x01, 0x22, 0x02, 0x2c, 0x00, 0x70, 0x40, 0x96, 0x00, 0x32, 0x41, 0x6e, 0x20, 
0x1a, 0x00, 0x20, 0x00, 0x0e, 0x00, 0x0e, 0x00, 0x03, 0x00, 0x02, 0x00, 0x03, 0x00, 0x00, 0x00, 
0xd6, 0x50, 0x00, 0x00, 0x2d, 0x00, 0x00, 0x00, 0x00, 0x00, 0x39, 0x01, 0x06, 0x00, 0x71, 0x00, 
0xb5, 0x00, 0x00, 0x00, 0x0c, 0x01, 0x39, 0x02, 0x03, 0x00, 0x11, 0x01, 0x62, 0x02, 0x7c, 0x00, 
0x38, 0x02, 0x09, 0x00, 0x62, 0x02, 0x7d, 0x00, 0x33, 0x12, 0x05, 0x00, 0x62, 0x01, 0x7c, 0x00, 
0x11, 0x01, 0x60, 0x02, 0x03, 0x00, 0x13, 0x00, 0x1c, 0x00, 0x34, 0x02, 0x0a, 0x00, 0x13, 0x02, 
0x8a, 0x02, 0x12, 0x00, 0x71, 0x30, 0x15, 0x00, 0x21, 0x00, 0x0c, 0x02, 0x28, 0x06, 0x12, 0x12, 
0x71, 0x20, 0x14, 0x00, 0x21, 0x00, 0x0c, 0x02, 0x69, 0x02, 0x7c, 0x00, 0x69, 0x01, 0x7d, 0x00, 
0x11, 0x02, 0x00, 0x00, 0x05, 0x00, 0x00, 0x00, 0x02, 0x00, 0x01, 0x00, 0xe9, 0x50, 0x00, 0x00, 
0x42, 0x00, 0x00, 0x00, 0x63, 0x00, 0x7e, 0x00, 0x39, 0x00, 0x36, 0x00, 0x12, 0x10, 0x6a, 0x00, 
0x7e, 0x00, 0x12, 0x31, 0x23, 0x12, 0x5d, 0x00, 0x1a, 0x03, 0x41, 0x00, 0x12, 0x04, 0x4d, 0x03, 
0x02, 0x04, 0x1a, 0x03, 0x42, 0x00, 0x4d, 0x03, 0x02, 0x00, 0x1a, 0x00, 0x40, 0x00, 0x12, 0x23, 
0x4d, 0x00, 0x02, 0x03, 0x00, 0x00, 0x35, 0x14, 0x1f, 0x00, 0x46, 0x00, 0x02, 0x04, 0x22, 0x03, 
0x36, 0x00, 0x70, 0x20, 0xb6, 0x00, 0x03, 0x00, 0x6e, 0x10, 0xb7, 0x00, 0x03, 0x00, 0x0a, 0x00, 
0x38, 0x00, 0x0d, 0x00, 0x71, 0x10, 0x16, 0x00, 0x03, 0x00, 0x0c, 0x00, 0x69, 0x00, 0x7f, 0x00, 
0x62, 0x00, 0x7f, 0x00, 0x38, 0x00, 0x03, 0x00, 0x28, 0x06, 0x28, 0x02, 0x0d, 0x00, 0xd8, 0x04, 
0x04, 0x01, 0x28, 0xe2, 0x62, 0x00, 0x7f, 0x00, 0x38, 0x00, 0x05, 0x00, 0x62, 0x00, 0x7f, 0x00, 
0x28, 0x03, 0x62, 0x00, 0x02, 0x00, 0x11, 0x00, 0x1d, 0x00, 0x00, 0x00, 0x13, 0x00, 0x01, 0x00, 
0x01, 0x00, 0x34, 0x00, 0x02, 0x00, 0x01, 0x00, 0x00, 0x00, 0x00, 0x00, 0xff, 0x50, 0x00, 0x00, 
0x03, 0x00, 0x00, 0x00, 0x52, 0x10, 0x6a, 0x00, 0x0f, 0x00, 0x00, 0x00, 0x04, 0x00, 0x02, 0x00, 
0x02, 0x00, 0x00, 0x00, 0x04, 0x51, 0x00, 0x00, 0x4b, 0x00, 0x00, 0x00, 0x70, 0x20, 0x29, 0x00, 
0x32, 0x00, 0x22, 0x00, 0x0c, 0x00, 0x13, 0x01, 0x85, 0x00, 0x70, 0x20, 0x0e, 0x00, 0x10, 0x00, 
0x5b, 0x20, 0x76, 0x00, 0x1a, 0x00, 0x00, 0x00, 0x5b, 0x20, 0x78, 0x00, 0x5b, 0x20, 0x69, 0x00, 
0x1a, 0x00, 0x3a, 0x00, 0x5b, 0x20, 0x7b, 0x00, 0x1a, 0x00, 0x3b, 0x00, 0x5b, 0x20, 0x7a, 0x00, 
0x12, 0x10, 0x5c, 0x20, 0x6d, 0x00, 0x12, 0xf1, 0x59, 0x21, 0x6a, 0x00, 0x15, 0x01, 0x80, 0xbf, 
0x59, 0x21, 0x77, 0x00, 0x59, 0x21, 0x74, 0x00, 0x59, 0x21, 0x71, 0x00, 0x15, 0x01, 0x00, 0x40, 
0x59, 0x21, 0x73, 0x00, 0x5c, 0x20, 0x6e, 0x00, 0x1a, 0x00, 0x1f, 0x01, 0x6e, 0x20, 0xb2, 0x00, 
0x02, 0x00, 0x12, 0x00, 0x6e, 0x20, 0xb4, 0x00, 0x02, 0x00, 0x6e, 0x10, 0x02, 0x00, 0x03, 0x00, 
0x0c, 0x03, 0x6e, 0x10, 0x0b, 0x00, 0x03, 0x00, 0x0c, 0x03, 0x52, 0x33, 0x04, 0x00, 0x59, 0x23, 
0x6c, 0x00, 0x54, 0x23, 0x76, 0x00, 0x52, 0x20, 0x6a, 0x00, 0x6e, 0x20, 0x11, 0x00, 0x03, 0x00, 
0x0e, 0x00, 0x00, 0x00, 0x0c, 0x00, 0x0a, 0x00, 0x03, 0x00, 0x00, 0x00, 0x1c, 0x51, 0x00, 0x00, 
0x9e, 0x00, 0x00, 0x00, 0x71, 0x20, 0xae, 0x00, 0x56, 0x00, 0x0c, 0x05, 0x12, 0x06, 0x2d, 0x00, 
0x04, 0x06, 0x3d, 0x00, 0x03, 0x00, 0x28, 0x08, 0x38, 0x03, 0x05, 0x00, 0x15, 0x04, 0xd0, 0x40, 
0x28, 0x03, 0x15, 0x04, 0xc0, 0x40, 0x2d, 0x00, 0x07, 0x06, 0x3a, 0x00, 0x03, 0x00, 0x28, 0x08, 
0x38, 0x03, 0x05, 0x00, 0x15, 0x07, 0xc0, 0x3f, 0x28, 0x03, 0x15, 0x07, 0x00, 0x3f, 0x2d, 0x00, 
0x08, 0x06, 0x3a, 0x00, 0x03, 0x00, 0x28, 0x02, 0x12, 0x08, 0x2d, 0x06, 0x09, 0x06, 0x3a, 0x06, 
0x03, 0x00, 0x28, 0x03, 0x15, 0x09, 0x00, 0x40, 0x00, 0x00, 0x54, 0x26, 0x79, 0x00, 0x12, 0x10, 
0x32, 0x56, 0x0b, 0x00, 0x5b, 0x25, 0x79, 0x00, 0x54, 0x26, 0x76, 0x00, 0x6e, 0x20, 0x13, 0x00, 
0x56, 0x00, 0x12, 0x15, 0x28, 0x02, 0x12, 0x05, 0x52, 0x26, 0x77, 0x00, 0x2d, 0x06, 0x06, 0x04, 
0x38, 0x06, 0x17, 0x00, 0x59, 0x24, 0x77, 0x00, 0x54, 0x25, 0x76, 0x00, 0x6e, 0x10, 0xa5, 0x00, 
0x02, 0x00, 0x0c, 0x06, 0x6e, 0x10, 0x0b, 0x00, 0x06, 0x00, 0x0c, 0x06, 0x12, 0x21, 0x71, 0x30, 
0x28, 0x00, 0x41, 0x06, 0x0a, 0x04, 0x6e, 0x20, 0x12, 0x00, 0x45, 0x00, 0x12, 0x15, 0x55, 0x24, 
0x6d, 0x00, 0x32, 0x34, 0x05, 0x00, 0x5c, 0x23, 0x6d, 0x00, 0x12, 0x15, 0x52, 0x23, 0x74, 0x00, 
0x2d, 0x03, 0x03, 0x07, 0x38, 0x03, 0x05, 0x00, 0x59, 0x27, 0x74, 0x00, 0x12, 0x15, 0x52, 0x23, 
0x71, 0x00, 0x2d, 0x03, 0x03, 0x08, 0x38, 0x03, 0x05, 0x00, 0x59, 0x28, 0x71, 0x00, 0x12, 0x15, 
0x52, 0x23, 0x73, 0x00, 0x2d, 0x03, 0x03, 0x09, 0x38, 0x03, 0x05, 0x00, 0x59, 0x29, 0x73, 0x00, 
0x12, 0x15, 0x54, 0x23, 0x7b, 0x00, 0x6e, 0x20, 0xd4, 0x00, 0x3a, 0x00, 0x0a, 0x03, 0x39, 0x03, 
0x05, 0x00, 0x5b, 0x2a, 0x7b, 0x00, 0x12, 0x15, 0x54, 0x23, 0x7a, 0x00, 0x6e, 0x20, 0xd4, 0x00, 
0x3b, 0x00, 0x0a, 0x03, 0x39, 0x03, 0x05, 0x00, 0x5b, 0x2b, 0x7a, 0x00, 0x12, 0x15, 0x38, 0x05, 
0x07, 0x00, 0x5c, 0x20, 0x6e, 0x00, 0x6e, 0x10, 0xad, 0x00, 0x02, 0x00, 0x55, 0x23, 0x6b, 0x00, 
0x39, 0x03, 0x07, 0x00, 0x5c, 0x20, 0x6b, 0x00, 0x6e, 0x10, 0xa8, 0x00, 0x02, 0x00, 0x0e, 0x00, 
0x06, 0x00, 0x02, 0x00, 0x05, 0x00, 0x00, 0x00, 0x52, 0x51, 0x00, 0x00, 0x26, 0x00, 0x00, 0x00, 
0x6f, 0x20, 0x2a, 0x00, 0x54, 0x00, 0x54, 0x40, 0x76, 0x00, 0x54, 0x41, 0x78, 0x00, 0x52, 0x42, 
0x72, 0x00, 0x82, 0x22, 0x52, 0x43, 0x68, 0x00, 0x6e, 0x50, 0x0d, 0x00, 0x15, 0x32, 0x55, 0x41, 
0x6d, 0x00, 0x38, 0x01, 0x14, 0x00, 0x54, 0x41, 0x69, 0x00, 0x6e, 0x10, 0xd8, 0x00, 0x01, 0x00, 
0x0a, 0x01, 0x39, 0x01, 0x0c, 0x00, 0x54, 0x41, 0x69, 0x00, 0x52, 0x42, 0x72, 0x00, 0x82, 0x22, 
0x52, 0x43, 0x67, 0x00, 0x6e, 0x50, 0x0d, 0x00, 0x15, 0x32, 0x0e, 0x00, 0x03, 0x00, 0x03, 0x00, 
0x03, 0x00, 0x00, 0x00, 0x5d, 0x51, 0x00, 0x00, 0x12, 0x00, 0x00, 0x00, 0x55, 0x01, 0x6e, 0x00, 
0x38, 0x01, 0x08, 0x00, 0x70, 0x10, 0xac, 0x00, 0x00, 0x00, 0x12, 0x01, 0x5c, 0x01, 0x6e, 0x00, 
0x52, 0x01, 0x70, 0x00, 0x52, 0x02, 0x6f, 0x00, 0x6e, 0x30, 0xb1, 0x00, 0x10, 0x02, 0x0e, 0x00, 
0x06, 0x00, 0x01, 0x00, 0x02, 0x00, 0x00, 0x00, 0x68, 0x51, 0x00, 0x00, 0xc5, 0x00, 0x00, 0x00, 
0x54, 0x50, 0x76, 0x00, 0x6e, 0x10, 0x0f, 0x00, 0x00, 0x00, 0x0c, 0x00, 0x52, 0x51, 0x71, 0x00, 
0x52, 0x52, 0x6c, 0x00, 0xa8, 0x01, 0x01, 0x02, 0x71, 0x10, 0xd0, 0x00, 0x01, 0x00, 0x0a, 0x01, 
0x59, 0x51, 0x72, 0x00, 0x52, 0x51, 0x74, 0x00, 0x12, 0x02, 0x2d, 0x01, 0x01, 0x02, 0x3a, 0x01, 
0x05, 0x00, 0x52, 0x51, 0x74, 0x00, 0x28, 0x02, 0x12, 0x01, 0x52, 0x53, 0x6c, 0x00, 0xa8, 0x01, 
0x01, 0x03, 0x71, 0x10, 0xd0, 0x00, 0x01, 0x00, 0x0a, 0x01, 0x59, 0x51, 0x75, 0x00, 0x52, 0x51, 
0x73, 0x00, 0x2d, 0x01, 0x01, 0x02, 0x3a, 0x01, 0x05, 0x00, 0x52, 0x51, 0x73, 0x00, 0x28, 0x03, 
0x15, 0x01, 0x00, 0x40, 0x52, 0x52, 0x6c, 0x00, 0xa8, 0x01, 0x01, 0x02, 0x71, 0x10, 0xd0, 0x00, 
0x01, 0x00, 0x0a, 0x01, 0x54, 0x52, 0x78, 0x00, 0x38, 0x02, 0x0d, 0x00, 0x54, 0x52, 0x78, 0x00, 
0x6e, 0x10, 0xd8, 0x00, 0x02, 0x00, 0x0a, 0x02, 0x39, 0x02, 0x05, 0x00, 0x54, 0x52, 0x78, 0x00, 
0x28, 0x03, 0x54, 0x52, 0x7b, 0x00, 0x54, 0x53, 0x69, 0x00, 0x38, 0x03, 0x11, 0x00, 0x54, 0x53, 
0x69, 0x00, 0x6e, 0x10, 0xd8, 0x00, 0x03, 0x00, 0x0a, 0x03, 0x39, 0x03, 0x09, 0x00, 0x55, 0x53, 
0x6d, 0x00, 0x38, 0x03, 0x05, 0x00, 0x54, 0x53, 0x69, 0x00, 0x28, 0x03, 0x54, 0x53, 0x7a, 0x00, 
0x54, 0x54, 0x76, 0x00, 0x6e, 0x20, 0x10, 0x00, 0x24, 0x00, 0x0a, 0x02, 0x55, 0x54, 0x6d, 0x00, 
0x38, 0x04, 0x15, 0x00, 0x38, 0x03, 0x13, 0x00, 0x6e, 0x10, 0xd8, 0x00, 0x03, 0x00, 0x0a, 0x04, 
0x39, 0x04, 0x0d, 0x00, 0x54, 0x54, 0x76, 0x00, 0x6e, 0x20, 0x10, 0x00, 0x34, 0x00, 0x0a, 0x03, 
0x2d, 0x04, 0x03, 0x02, 0x3d, 0x04, 0x03, 0x00, 0x01, 0x32, 0x52, 0x53, 0x72, 0x00, 0xb0, 0x13, 
0x89, 0x21, 0x71, 0x20, 0xcc, 0x00, 0x21, 0x00, 0x0b, 0x01, 0x8a, 0x11, 0xb0, 0x13, 0x59, 0x53, 
0x70, 0x00, 0x52, 0x01, 0x00, 0x00, 0x52, 0x02, 0x01, 0x00, 0xc7, 0x21, 0x55, 0x52, 0x6d, 0x00, 
0x38, 0x02, 0x1d, 0x00, 0x52, 0x52, 0x75, 0x00, 0x82, 0x22, 0x52, 0x03, 0x01, 0x00, 0xc7, 0x32, 
0x59, 0x52, 0x68, 0x00, 0x52, 0x52, 0x68, 0x00, 0xc6, 0x12, 0x59, 0x52, 0x67, 0x00, 0x52, 0x51, 
0x67, 0x00, 0x52, 0x00, 0x00, 0x00, 0xc6, 0x01, 0x89, 0x10, 0x71, 0x20, 0xcc, 0x00, 0x10, 0x00, 
0x0b, 0x00, 0x8a, 0x00, 0x59, 0x50, 0x6f, 0x00, 0x28, 0x18, 0x89, 0x11, 0x71, 0x20, 0xcc, 0x00, 
0x21, 0x00, 0x0b, 0x01, 0x8a, 0x11, 0x52, 0x52, 0x75, 0x00, 0xb0, 0x21, 0x59, 0x51, 0x6f, 0x00, 
0x52, 0x51, 0x75, 0x00, 0x82, 0x11, 0x52, 0x00, 0x01, 0x00, 0xc7, 0x01, 0x59, 0x51, 0x68, 0x00, 
0x52, 0x50, 0x68, 0x00, 0x59, 0x50, 0x67, 0x00, 0x0e, 0x00, 0x00, 0x00, 0x07, 0x00, 0x04, 0x00, 
0x02, 0x00, 0x00, 0x00, 0x88, 0x51, 0x00, 0x00, 0x58, 0x00, 0x00, 0x00, 0x1a, 0x00, 0x00, 0x00, 
0x39, 0x04, 0x03, 0x00, 0x07, 0x04, 0x38, 0x05, 0x06, 0x00, 0x55, 0x31, 0x6d, 0x00, 0x39, 0x01, 
0x03, 0x00, 0x07, 0x05, 0x00, 0x00, 0x00, 0x00, 0x54, 0x30, 0x78, 0x00, 0x6e, 0x20, 0xd4, 0x00, 
0x04, 0x00, 0x0a, 0x00, 0x12, 0x11, 0x39, 0x00, 0x08, 0x00, 0x5b, 0x34, 0x78, 0x00, 0x00, 0x00, 
0x12, 0x14, 0x12, 0x10, 0x28, 0x03, 0x12, 0x04, 0x12, 0x00, 0x54, 0x32, 0x69, 0x00, 0x6e, 0x20, 
0xd4, 0x00, 0x25, 0x00, 0x0a, 0x02, 0x39, 0x02, 0x07, 0x00, 0x5b, 0x35, 0x69, 0x00, 0x00, 0x00, 
0x12, 0x14, 0x12, 0x10, 0x38, 0x06, 0x10, 0x00, 0x52, 0x35, 0x6a, 0x00, 0x32, 0x56, 0x0c, 0x00, 
0x59, 0x36, 0x6a, 0x00, 0x5c, 0x31, 0x6b, 0x00, 0x54, 0x34, 0x76, 0x00, 0x6e, 0x20, 0x11, 0x00, 
0x64, 0x00, 0x28, 0x02, 0x01, 0x41, 0x38, 0x01, 0x1a, 0x00, 0x38, 0x00, 0x15, 0x00, 0x52, 0x34, 
0x70, 0x00, 0x52, 0x35, 0x6f, 0x00, 0x70, 0x10, 0xac, 0x00, 0x03, 0x00, 0x52, 0x36, 0x70, 0x00, 
0x33, 0x46, 0x06, 0x00, 0x52, 0x34, 0x6f, 0x00, 0x32, 0x54, 0x06, 0x00, 0x6e, 0x10, 0xad, 0x00, 
0x03, 0x00, 0x0e, 0x00, 0x6e, 0x10, 0xa8, 0x00, 0x03, 0x00, 0x0e, 0x00, 0x01, 0x00, 0x01, 0x00, 
0x00, 0x00, 0x00, 0x00, 0x00, 0x00, 0x00, 0x00, 0x03, 0x00, 0x00, 0x00, 0x54, 0x00, 0x3c, 0x00, 
0x11, 0x00, 0x00, 0x00, 0x04, 0x00, 0x02, 0x00, 0x04, 0x00, 0x00, 0x00, 0xab, 0x51, 0x00, 0x00, 
0x0c, 0x00, 0x00, 0x00, 0x13, 0x00, 0xa0, 0x0f, 0x24, 0x10, 0x5a, 0x00, 0x00, 0x00, 0x0c, 0x00, 
0x12, 0x01, 0x70, 0x40, 0x77, 0x00, 0x32, 0x01, 0x0c, 0x03, 0x11, 0x03, 0x09, 0x00, 0x04, 0x00, 
0x04, 0x00, 0x01, 0x00, 0xb2, 0x51, 0x00, 0x00, 0x64, 0x00, 0x00, 0x00, 0x12, 0x00, 0x38, 0x06, 
0x62, 0x00, 0x13, 0x01, 0x40, 0x00, 0x36, 0x17, 0x5e, 0x00, 0x12, 0x01, 0x44, 0x02, 0x08, 0x01, 
0xd8, 0x03, 0x02, 0xff, 0x4b, 0x03, 0x08, 0x01, 0x3c, 0x02, 0x03, 0x00, 0x28, 0x53, 0x20, 0x62, 
0x1e, 0x00, 0x38, 0x02, 0x32, 0x00, 0x07, 0x62, 0x1f, 0x02, 0x1e, 0x00, 0x6e, 0x10, 0x36, 0x00, 
0x02, 0x00, 0x0c, 0x03, 0x71, 0x10, 0x7f, 0x00, 0x03, 0x00, 0x0a, 0x03, 0x38, 0x03, 0x03, 0x00, 
0x11, 0x02, 0x6e, 0x10, 0x33, 0x00, 0x02, 0x00, 0x0a, 0x03, 0x12, 0xf4, 0x32, 0x43, 0x1d, 0x00, 
0x6e, 0x10, 0x35, 0x00, 0x02, 0x00, 0x0c, 0x04, 0x6e, 0x20, 0x0c, 0x00, 0x34, 0x00, 0x0c, 0x03, 
0x38, 0x03, 0x11, 0x00, 0x62, 0x04, 0x82, 0x00, 0x6e, 0x20, 0xdb, 0x00, 0x43, 0x00, 0x0c, 0x03, 
0x1a, 0x04, 0x27, 0x01, 0x6e, 0x20, 0xd3, 0x00, 0x43, 0x00, 0x0a, 0x03, 0x38, 0x03, 0x03, 0x00, 
0x11, 0x02, 0x28, 0x02, 0x0d, 0x02, 0x20, 0x62, 0x1b, 0x00, 0x38, 0x02, 0x1b, 0x00, 0x1f, 0x06, 
0x1b, 0x00, 0x6e, 0x10, 0x2e, 0x00, 0x06, 0x00, 0x0a, 0x02, 0x00, 0x00, 0x35, 0x21, 0x12, 0x00, 
0x6e, 0x20, 0x2d, 0x00, 0x16, 0x00, 0x0c, 0x03, 0xd8, 0x04, 0x07, 0x01, 0x70, 0x40, 0x77, 0x00, 
0x35, 0x84, 0x0c, 0x03, 0x38, 0x03, 0x03, 0x00, 0x11, 0x03, 0xd8, 0x01, 0x01, 0x01, 0x28, 0xef, 
0x11, 0x00, 0x11, 0x00, 0x2a, 0x00, 0x00, 0x00, 0x16, 0x00, 0x01, 0x00, 0x01, 0x00, 0x44, 0x00, 
0x01, 0x00, 0x01, 0x00, 0x00, 0x00, 0x00, 0x00, 0x00, 0x00, 0x00, 0x00, 0x03, 0x00, 0x00, 0x00, 
0x55, 0x00, 0x24, 0x00, 0x0f, 0x00, 0x00, 0x00, 0x01, 0x00, 0x01, 0x00, 0x00, 0x00, 0x00, 0x00, 
0x00, 0x00, 0x00, 0x00, 0x03, 0x00, 0x00, 0x00, 0x55, 0x00, 0x2f, 0x00, 0x0f, 0x00, 0x00, 0x00, 
0x01, 0x00, 0x01, 0x00, 0x00, 0x00, 0x00, 0x00, 0x00, 0x00, 0x00, 0x00, 0x03, 0x00, 0x00, 0x00, 
0x55, 0x00, 0x4b, 0x00, 0x0f, 0x00, 0x00, 0x00, 0x01, 0x00, 0x01, 0x00, 0x01, 0x00, 0x00, 0x00, 
0x00, 0x00, 0x00, 0x00, 0x05, 0x00, 0x00, 0x00, 0x70, 0x10, 0x7e, 0x00, 0x00, 0x00, 0x0a, 0x00, 
0x0f, 0x00, 0x00, 0x00, 0x01, 0x00, 0x01, 0x00, 0x01, 0x00, 0x00, 0x00, 0x00, 0x00, 0x00, 0x00, 
0x05, 0x00, 0x00, 0x00, 0x70, 0x10, 0x92, 0x00, 0x00, 0x00, 0x0a, 0x00, 0x0f, 0x00, 0x00, 0x00, 
0x04, 0x00, 0x01, 0x00, 0x00, 0x00, 0x00, 0x00, 0xd4, 0x51, 0x00, 0x00, 0x14, 0x00, 0x00, 0x00, 
0x52, 0x30, 0x4c, 0x00, 0x12, 0x21, 0x12, 0x12, 0x32, 0x10, 0x0f, 0x00, 0x52, 0x30, 0x4c, 0x00, 
0x12, 0x51, 0x33, 0x10, 0x03, 0x00, 0x28, 0x08, 0x52, 0x30, 0x41, 0x00, 0x38, 0x00, 0x03, 0x00, 
0x28, 0x02, 0x12, 0x02, 0x0f, 0x02, 0x0f, 0x02, 0x04, 0x00, 0x01, 0x00, 0x02, 0x00, 0x00, 0x00, 
0xdb, 0x51, 0x00, 0x00, 0x24, 0x00, 0x00, 0x00, 0x12, 0x00, 0x39, 0x03, 0x03, 0x00, 0x0f, 0x00, 
0x72, 0x10, 0xc1, 0x00, 0x03, 0x00, 0x0c, 0x03, 0x6e, 0x10, 0xdc, 0x00, 0x03, 0x00, 0x0c, 0x03, 
0x6e, 0x10, 0xd9, 0x00, 0x03, 0x00, 0x0a, 0x01, 0x12, 0x42, 0x34, 0x21, 0x12, 0x00, 0x13, 0x02, 
0x0c, 0x00, 0x37, 0x21, 0x03, 0x00, 0x28, 0x0c, 0x62, 0x00, 0x12, 0x00, 0x6e, 0x20, 0xfc, 0x00, 
0x30, 0x00, 0x0c, 0x03, 0x6e, 0x10, 0xfa, 0x00, 0x03, 0x00, 0x0a, 0x03, 0x0f, 0x03, 0x0f, 0x00, 
0x05, 0x00, 0x00, 0x00, 0x03, 0x00, 0x01, 0x00, 0xe7, 0x51, 0x00, 0x00, 0x52, 0x00, 0x00, 0x00, 
0x63, 0x00, 0x57, 0x00, 0x12, 0x01, 0x12, 0x12, 0x38, 0x00, 0x08, 0x00, 0x62, 0x00, 0x58, 0x00, 
0x38, 0x00, 0x03, 0x00, 0x12, 0x11, 0x0f, 0x01, 0x6a, 0x02, 0x57, 0x00, 0x1a, 0x00, 0x1b, 0x01, 
0x71, 0x10, 0xc2, 0x00, 0x00, 0x00, 0x0c, 0x00, 0x1a, 0x03, 0x58, 0x01, 0x23, 0x14, 0x5b, 0x00, 
0x6e, 0x30, 0xc6, 0x00, 0x30, 0x04, 0x0c, 0x03, 0x69, 0x03, 0x55, 0x00, 0x1a, 0x03, 0xd1, 0x01, 
0x6e, 0x20, 0xc4, 0x00, 0x30, 0x00, 0x0c, 0x00, 0x69, 0x00, 0x58, 0x00, 0x62, 0x00, 0x58, 0x00, 
0x6e, 0x20, 0xeb, 0x00, 0x20, 0x00, 0x28, 0x21, 0x0d, 0x00, 0x71, 0x10, 0xdd, 0x00, 0x00, 0x00, 
0x0c, 0x00, 0x22, 0x03, 0x43, 0x00, 0x70, 0x10, 0xde, 0x00, 0x03, 0x00, 0x1a, 0x04, 0x02, 0x01, 
0x6e, 0x20, 0xe4, 0x00, 0x43, 0x00, 0x0c, 0x03, 0x6e, 0x20, 0xe4, 0x00, 0x03, 0x00, 0x0c, 0x00, 
0x6e, 0x10, 0xe7, 0x00, 0x00, 0x00, 0x0c, 0x00, 0x1a, 0x03, 0x4e, 0x00, 0x71, 0x20, 0x27, 0x00, 
0x03, 0x00, 0x12, 0x00, 0x69, 0x00, 0x58, 0x00, 0x62, 0x00, 0x58, 0x00, 0x38, 0x00, 0x03, 0x00, 
0x12, 0x11, 0x0f, 0x01, 0x0e, 0x00, 0x00, 0x00, 0x1d, 0x00, 0x01, 0x00, 0x01, 0x00, 0x2c, 0x00, 
0x0a, 0x00, 0x01, 0x00, 0x04, 0x00, 0x01, 0x00, 0xf9, 0x51, 0x00, 0x00, 0xe4, 0x00, 0x00, 0x00, 
0x1a, 0x00, 0x4e, 0x00, 0x54, 0x91, 0x50, 0x00, 0x12, 0x12, 0x38, 0x01, 0x0b, 0x00, 0x54, 0x91, 
0x50, 0x00, 0x6e, 0x10, 0xa9, 0x00, 0x01, 0x00, 0x0a, 0x01, 0x38, 0x01, 0x03, 0x00, 0x0f, 0x02, 
0x71, 0x00, 0x8a, 0x00, 0x00, 0x00, 0x0a, 0x01, 0x12, 0x03, 0x39, 0x01, 0x03, 0x00, 0x0f, 0x03, 
0x62, 0x01, 0x55, 0x00, 0x23, 0x34, 0x5c, 0x00, 0x12, 0x05, 0x6e, 0x30, 0xed, 0x00, 0x51, 0x04, 
0x0c, 0x01, 0x39, 0x01, 0x03, 0x00, 0x0f, 0x03, 0x62, 0x04, 0x58, 0x00, 0x6e, 0x20, 0xea, 0x00, 
0x14, 0x00, 0x0c, 0x01, 0x20, 0x14, 0x51, 0x00, 0x39, 0x04, 0x03, 0x00, 0x0f, 0x03, 0x1f, 0x01, 
0x51, 0x00, 0x22, 0x04, 0x4f, 0x00, 0x72, 0x10, 0xf6, 0x00, 0x01, 0x00, 0x0a, 0x05, 0x70, 0x20, 
0xef, 0x00, 0x54, 0x00, 0x72, 0x10, 0xf5, 0x00, 0x01, 0x00, 0x0c, 0x01, 0x72, 0x10, 0xf3, 0x00, 
0x01, 0x00, 0x0a, 0x05, 0x38, 0x05, 0x10, 0x00, 0x72, 0x10, 0xf4, 0x00, 0x01, 0x00, 0x0c, 0x05, 
0x20, 0x56, 0x19, 0x00, 0x38, 0x06, 0x07, 0x00, 0x1f, 0x05, 0x19, 0x00, 0x6e, 0x20, 0xf0, 0x00, 
0x54, 0x00, 0x28, 0xed, 0x12, 0x01, 0x6e, 0x10, 0xf2, 0x00, 0x04, 0x00, 0x0a, 0x05, 0x35, 0x51, 
0x70, 0x00, 0x6e, 0x20, 0xf1, 0x00, 0x14, 0x00, 0x0c, 0x05, 0x1f, 0x05, 0x19, 0x00, 0x70, 0x20, 
0x76, 0x00, 0x59, 0x00, 0x0c, 0x05, 0x39, 0x05, 0x03, 0x00, 0x28, 0x0a, 0x6e, 0x10, 0x34, 0x00, 
0x05, 0x00, 0x0c, 0x06, 0x20, 0x67, 0x1b, 0x00, 0x39, 0x07, 0x06, 0x00, 0x00, 0x00, 0xd8, 0x01, 
0x01, 0x01, 0x28, 0xe2, 0x1f, 0x06, 0x1b, 0x00, 0x1a, 0x01, 0x1f, 0x01, 0x6e, 0x20, 0x2c, 0x00, 
0x16, 0x00, 0x0c, 0x01, 0x20, 0x14, 0x2f, 0x00, 0x38, 0x04, 0x05, 0x00, 0x1f, 0x01, 0x2f, 0x00, 
0x28, 0x38, 0x22, 0x01, 0x2f, 0x00, 0x6e, 0x10, 0x2f, 0x00, 0x06, 0x00, 0x0c, 0x04, 0x70, 0x20, 
0xa2, 0x00, 0x41, 0x00, 0x22, 0x04, 0x1d, 0x00, 0x12, 0xe7, 0x70, 0x30, 0x31, 0x00, 0x74, 0x07, 
0x13, 0x07, 0x10, 0x00, 0x59, 0x47, 0x05, 0x00, 0x6e, 0x20, 0x30, 0x00, 0x56, 0x00, 0x0a, 0x07, 
0x3a, 0x07, 0x05, 0x00, 0xd8, 0x08, 0x07, 0x01, 0x28, 0x02, 0x12, 0x08, 0x6e, 0x40, 0x2b, 0x00, 
0x16, 0x48, 0xb0, 0x27, 0x22, 0x04, 0x43, 0x00, 0x70, 0x10, 0xde, 0x00, 0x04, 0x00, 0x1a, 0x06, 
0x00, 0x01, 0x6e, 0x20, 0xe4, 0x00, 0x64, 0x00, 0x0c, 0x04, 0x6e, 0x20, 0xe2, 0x00, 0x74, 0x00, 
0x0c, 0x04, 0x6e, 0x10, 0xe7, 0x00, 0x04, 0x00, 0x0c, 0x04, 0x71, 0x20, 0x26, 0x00, 0x40, 0x00, 
0x5b, 0x91, 0x50, 0x00, 0x5b, 0x95, 0x25, 0x00, 0x54, 0x94, 0x1f, 0x00, 0x6e, 0x20, 0xa3, 0x00, 
0x41, 0x00, 0x5c, 0x92, 0x51, 0x00, 0x70, 0x10, 0x87, 0x00, 0x09, 0x00, 0x0f, 0x02, 0x28, 0x1c, 
0x0d, 0x01, 0x71, 0x10, 0xdd, 0x00, 0x01, 0x00, 0x0c, 0x01, 0x22, 0x02, 0x43, 0x00, 0x70, 0x10, 
0xde, 0x00, 0x02, 0x00, 0x1a, 0x04, 0x4d, 0x00, 0x6e, 0x20, 0xe4, 0x00, 0x42, 0x00, 0x0c, 0x02, 
0x6e, 0x20, 0xe4, 0x00, 0x12, 0x00, 0x0c, 0x01, 0x6e, 0x10, 0xe7, 0x00, 0x01, 0x00, 0x0c, 0x01, 
0x71, 0x20, 0x27, 0x00, 0x10, 0x00, 0x0f, 0x03, 0x18, 0x00, 0x00, 0x00, 0xae, 0x00, 0x01, 0x00, 
0x01, 0x00, 0xc8, 0x01, 0x01, 0x00, 0x01, 0x00, 0x00, 0x00, 0x00, 0x00, 0x00, 0x00, 0x00, 0x00, 
0x03, 0x00, 0x00, 0x00, 0x54, 0x00, 0x50, 0x00, 0x11, 0x00, 0x00, 0x00, 0x01, 0x00, 0x01, 0x00, 
0x00, 0x00, 0x00, 0x00, 0x00, 0x00, 0x00, 0x00, 0x03, 0x00, 0x00, 0x00, 0x52, 0x00, 0x22, 0x00, 
0x0f, 0x00, 0x00, 0x00, 0x01, 0x00, 0x01, 0x00, 0x00, 0x00, 0x00, 0x00, 0x00, 0x00, 0x00, 0x00, 
0x03, 0x00, 0x00, 0x00, 0x52, 0x00, 0x42, 0x00, 0x0f, 0x00, 0x00, 0x00, 0x01, 0x00, 0x01, 0x00, 
0x00, 0x00, 0x00, 0x00, 0x00, 0x00, 0x00, 0x00, 0x03, 0x00, 0x00, 0x00, 0x52, 0x00, 0x45, 0x00, 
0x0f, 0x00, 0x00, 0x00, 0x01, 0x00, 0x01, 0x00, 0x00, 0x00, 0x00, 0x00, 0x00, 0x00, 0x00, 0x00, 
0x03, 0x00, 0x00, 0x00, 0x52, 0x00, 0x4d, 0x00, 0x0f, 0x00, 0x00, 0x00, 0x03, 0x00, 0x01, 0x00, 
0x02, 0x00, 0x00, 0x00, 0x2f, 0x52, 0x00, 0x00, 0x3d, 0x00, 0x00, 0x00, 0x12, 0x00, 0x39, 0x02, 
0x03, 0x00, 0x0f, 0x00, 0x6e, 0x10, 0xdc, 0x00, 0x02, 0x00, 0x0c, 0x02, 0x62, 0x01, 0x82, 0x00, 
0x6e, 0x20, 0xdb, 0x00, 0x12, 0x00, 0x0c, 0x02, 0x1a, 0x01, 0x3f, 0x01, 0x6e, 0x20, 0xd4, 0x00, 
0x21, 0x00, 0x0a, 0x01, 0x39, 0x01, 0x27, 0x00, 0x1a, 0x01, 0x29, 0x02, 0x6e, 0x20, 0xd4, 0x00, 
0x21, 0x00, 0x0a, 0x01, 0x39, 0x01, 0x1f, 0x00, 0x1a, 0x01, 0x40, 0x01, 0x6e, 0x20, 0xd4, 0x00, 
0x21, 0x00, 0x0a, 0x01, 0x38, 0x01, 0x03, 0x00, 0x28, 0x15, 0x1a, 0x01, 0x31, 0x01, 0x6e, 0x20, 
0xd4, 0x00, 0x21, 0x00, 0x0a, 0x01, 0x39, 0x01, 0x0c, 0x00, 0x1a, 0x01, 0x3e, 0x02, 0x6e, 0x20, 
0xd4, 0x00, 0x21, 0x00, 0x0a, 0x02, 0x38, 0x02, 0x03, 0x00, 0x28, 0x02, 0x0f, 0x00, 0x12, 0x22, 
0x0f, 0x02, 0x12, 0x12, 0x0f, 0x02, 0x00, 0x00, 0x04, 0x00, 0x04, 0x00, 0x04, 0x00, 0x00, 0x00, 
0x00, 0x00, 0x00, 0x00, 0x05, 0x00, 0x00, 0x00, 0x70, 0x40, 0x80, 0x00, 0x10, 0x32, 0x0c, 0x00, 
0x11, 0x00, 0x00, 0x00, 0x06, 0x00, 0x04, 0x00, 0x04, 0x00, 0x00, 0x00, 0x40, 0x52, 0x00, 0x00, 
0x68, 0x00, 0x00, 0x00, 0x6e, 0x10, 0xec, 0x00, 0x04, 0x00, 0x0c, 0x04, 0x1a, 0x00, 0xe1, 0x01, 
0x6e, 0x20, 0xd4, 0x00, 0x40, 0x00, 0x0a, 0x00, 0x38, 0x00, 0x2d, 0x00, 0x38, 0x05, 0x2b, 0x00, 
0x21, 0x50, 0x12, 0x31, 0x34, 0x10, 0x27, 0x00, 0x12, 0x20, 0x46, 0x01, 0x05, 0x00, 0x20, 0x11, 
0x3e, 0x00, 0x38, 0x01, 0x20, 0x00, 0x46, 0x03, 0x05, 0x00, 0x1f, 0x03, 0x3e, 0x00, 0x6e, 0x10, 
0xc8, 0x00, 0x03, 0x00, 0x0a, 0x03, 0x54, 0x24, 0x50, 0x00, 0x38, 0x04, 0x13, 0x00, 0x54, 0x24, 
0x50, 0x00, 0x6e, 0x10, 0xa9, 0x00, 0x04, 0x00, 0x0a, 0x04, 0x38, 0x04, 0x0b, 0x00, 0x54, 0x24, 
0x50, 0x00, 0x54, 0x25, 0x39, 0x00, 0x54, 0x20, 0x38, 0x00, 0x6e, 0x40, 0xaf, 0x00, 0x54, 0x30, 
0x28, 0x30, 0x1a, 0x00, 0x3d, 0x01, 0x6e, 0x20, 0xd4, 0x00, 0x40, 0x00, 0x0a, 0x00, 0x38, 0x00, 
0x0d, 0x00, 0x12, 0x04, 0x46, 0x05, 0x05, 0x04, 0x33, 0x53, 0x03, 0x00, 0x12, 0x14, 0x71, 0x10, 
0xc0, 0x00, 0x04, 0x00, 0x0c, 0x03, 0x11, 0x03, 0x1a, 0x05, 0x6a, 0x01, 0x6e, 0x20, 0xd4, 0x00, 
0x45, 0x00, 0x0a, 0x05, 0x38, 0x05, 0x0b, 0x00, 0x71, 0x10, 0xe8, 0x00, 0x03, 0x00, 0x0a, 0x03, 
0x71, 0x10, 0xc9, 0x00, 0x03, 0x00, 0x0c, 0x03, 0x11, 0x03, 0x1a, 0x03, 0x30, 0x02, 0x6e, 0x20, 
0xd4, 0x00, 0x43, 0x00, 0x0a, 0x03, 0x38, 0x03, 0x05, 0x00, 0x1a, 0x03, 0x51, 0x00, 0x11, 0x03, 
0x12, 0x03, 0x11, 0x03, 0x01, 0x00, 0x01, 0x00, 0x00, 0x00, 0x00, 0x00, 0x00, 0x00, 0x00, 0x00, 
0x03, 0x00, 0x00, 0x00, 0x54, 0x00, 0x46, 0x00, 0x11, 0x00, 0x00, 0x00, 0x07, 0x00, 0x01, 0x00, 
0x03, 0x00, 0x00, 0x00, 0x55, 0x52, 0x00, 0x00, 0x2f, 0x00, 0x00, 0x00, 0x54, 0x60, 0x4a, 0x00, 
0x12, 0x01, 0x6e, 0x20, 0xe6, 0x00, 0x10, 0x00, 0x55, 0x60, 0x33, 0x00, 0x54, 0x61, 0x4a, 0x00, 
0x39, 0x00, 0x0e, 0x00, 0x1a, 0x00, 0x39, 0x00, 0x6e, 0x20, 0xe4, 0x00, 0x01, 0x00, 0x54, 0x60, 
0x4a, 0x00, 0x6e, 0x10, 0xe7, 0x00, 0x00, 0x00, 0x0c, 0x00, 0x11, 0x00, 0x53, 0x62, 0x2d, 0x00, 
0x19, 0x04, 0xe0, 0x3f, 0xcb, 0x42, 0x8b, 0x22, 0x6e, 0x30, 0xe3, 0x00, 0x21, 0x03, 0x54, 0x60, 
0x4a, 0x00, 0x1a, 0x01, 0x86, 0x01, 0x6e, 0x20, 0xe4, 0x00, 0x10, 0x00, 0x54, 0x60, 0x4a, 0x00, 
0x6e, 0x10, 0xe7, 0x00, 0x00, 0x00, 0x0c, 0x00, 0x11, 0x00, 0x00, 0x00, 0x05, 0x00, 0x03, 0x00, 
0x04, 0x00, 0x00, 0x00, 0x62, 0x52, 0x00, 0x00, 0x1a, 0x00, 0x00, 0x00, 0x54, 0x20, 0x4a, 0x00, 
0x12, 0x01, 0x6e, 0x20, 0xe6, 0x00, 0x10, 0x00, 0x54, 0x20, 0x4a, 0x00, 0x12, 0x11, 0x71, 0x40, 
0x74, 0x00, 0x30, 0x14, 0x54, 0x23, 0x4a, 0x00, 0x54, 0x24, 0x4f, 0x00, 0x6e, 0x20, 0xe4, 0x00, 
0x43, 0x00, 0x54, 0x23, 0x4a, 0x00, 0x6e, 0x10, 0xe7, 0x00, 0x03, 0x00, 0x0c, 0x03, 0x11, 0x03, 
0x05, 0x00, 0x03, 0x00, 0x04, 0x00, 0x00, 0x00, 0x6b, 0x52, 0x00, 0x00, 0x31, 0x00, 0x00, 0x00, 
0x54, 0x20, 0x4a, 0x00, 0x12, 0x01, 0x6e, 0x20, 0xe6, 0x00, 0x10, 0x00, 0x55, 0x20, 0x33, 0x00, 
0x54, 0x21, 0x4a, 0x00, 0x39, 0x00, 0x15, 0x00, 0x1a, 0x03, 0x38, 0x00, 0x6e, 0x20, 0xe4, 0x00, 
0x31, 0x00, 0x54, 0x23, 0x4a, 0x00, 0x54, 0x24, 0x43, 0x00, 0x6e, 0x20, 0xe4, 0x00, 0x43, 0x00, 
0x54, 0x23, 0x4a, 0x00, 0x6e, 0x10, 0xe7, 0x00, 0x03, 0x00, 0x0c, 0x03, 0x11, 0x03, 0x12, 0x20, 
0x71, 0x40, 0x74, 0x00, 0x31, 0x04, 0x54, 0x23, 0x4a, 0x00, 0x54, 0x24, 0x43, 0x00, 0x6e, 0x20, 
0xe4, 0x00, 0x43, 0x00, 0x54, 0x23, 0x4a, 0x00, 0x6e, 0x10, 0xe7, 0x00, 0x03, 0x00, 0x0c, 0x03, 
0x11, 0x03, 0x00, 0x00, 0x07, 0x00, 0x01, 0x00, 0x04, 0x00, 0x05, 0x00, 0x7c, 0x52, 0x00, 0x00, 
0x45, 0x00, 0x00, 0x00, 0x6e, 0x10, 0xba, 0x00, 0x06, 0x00, 0x0b, 0x00, 0x16, 0x02, 0x00, 0x00, 
0x1a, 0x04, 0x00, 0x00, 0x31, 0x05, 0x00, 0x02, 0x3d, 0x05, 0x3a, 0x00, 0x17, 0x02, 0x00, 0x00, 
0x01, 0x00, 0x31, 0x05, 0x00, 0x02, 0x3d, 0x05, 0x03, 0x00, 0x28, 0x31, 0x22, 0x02, 0x37, 0x00, 
0x70, 0x20, 0xbb, 0x00, 0x62, 0x00, 0x84, 0x06, 0x23, 0x60, 0x59, 0x00, 0x12, 0x01, 0x12, 0x03, 
0x35, 0x63, 0x0d, 0x00, 0x91, 0x05, 0x06, 0x03, 0x6e, 0x40, 0xbf, 0x00, 0x02, 0x53, 0x0a, 0x05, 
0x3c, 0x05, 0x03, 0x00, 0x28, 0x03, 0xb0, 0x53, 0x28, 0xf4, 0x22, 0x06, 0x42, 0x00, 0x70, 0x40, 
0xd2, 0x00, 0x06, 0x31, 0x6e, 0x10, 0xdc, 0x00, 0x06, 0x00, 0x0c, 0x06, 0x6e, 0x10, 0xbd, 0x00, 
0x02, 0x00, 0x11, 0x06, 0x0d, 0x06, 0x6e, 0x10, 0xbd, 0x00, 0x02, 0x00, 0x28, 0x05, 0x0d, 0x00, 
0x71, 0x20, 0x3c, 0x00, 0x06, 0x00, 0x27, 0x06, 0x0d, 0x06, 0x11, 0x04, 0x11, 0x04, 0x00, 0x00, 
0x14, 0x00, 0x00, 0x00, 0x05, 0x00, 0x01, 0x00, 0x1a, 0x00, 0x00, 0x00, 0x1a, 0x00, 0x03, 0x00, 
0x34, 0x00, 0x00, 0x00, 0x03, 0x00, 0x01, 0x00, 0x39, 0x00, 0x00, 0x00, 0x03, 0x00, 0x05, 0x00, 
0x3e, 0x00, 0x00, 0x00, 0x04, 0x00, 0x01, 0x00, 0x03, 0x00, 0x42, 0x00, 0x38, 0x00, 0x3d, 0x00, 
0x02, 0x00, 0x02, 0x00, 0x00, 0x00, 0x00, 0x00, 0x00, 0x00, 0x00, 0x00, 0x03, 0x00, 0x00, 0x00, 
0x5c, 0x01, 0x20, 0x00, 0x0e, 0x00, 0x00, 0x00, 0x02, 0x00, 0x02, 0x00, 0x00, 0x00, 0x00, 0x00, 
0x00, 0x00, 0x00, 0x00, 0x03, 0x00, 0x00, 0x00, 0x59, 0x01, 0x22, 0x00, 0x0e, 0x00, 0x00, 0x00, 
0x02, 0x00, 0x02, 0x00, 0x00, 0x00, 0x00, 0x00, 0x00, 0x00, 0x00, 0x00, 0x03, 0x00, 0x00, 0x00, 
0x5b, 0x01, 0x25, 0x00, 0x0e, 0x00, 0x00, 0x00, 0x03, 0x00, 0x03, 0x00, 0x00, 0x00, 0x00, 0x00, 
0x00, 0x00, 0x00, 0x00, 0x03, 0x00, 0x00, 0x00, 0x5a, 0x01, 0x2d, 0x00, 0x0e, 0x00, 0x00, 0x00, 
0x02, 0x00, 0x02, 0x00, 0x00, 0x00, 0x00, 0x00, 0x00, 0x00, 0x00, 0x00, 0x03, 0x00, 0x00, 0x00, 
0x5c, 0x01, 0x2f, 0x00, 0x0e, 0x00, 0x00, 0x00, 0x02, 0x00, 0x02, 0x00, 0x00, 0x00, 0x00, 0x00, 
0x00, 0x00, 0x00, 0x00, 0x03, 0x00, 0x00, 0x00, 0x5c, 0x01, 0x33, 0x00, 0x0e, 0x00, 0x00, 0x00, 
0x02, 0x00, 0x02, 0x00, 0x00, 0x00, 0x00, 0x00, 0x00, 0x00, 0x00, 0x00, 0x03, 0x00, 0x00, 0x00, 
0x5c, 0x01, 0x49, 0x00, 0x0e, 0x00, 0x00, 0x00, 0x02, 0x00, 0x02, 0x00, 0x00, 0x00, 0x00, 0x00, 
0x00, 0x00, 0x00, 0x00, 0x03, 0x00, 0x00, 0x00, 0x5c, 0x01, 0x4b, 0x00, 0x0e, 0x00, 0x00, 0x00, 
0x02, 0x00, 0x02, 0x00, 0x00, 0x00, 0x00, 0x00, 0x00, 0x00, 0x00, 0x00, 0x03, 0x00, 0x00, 0x00, 
0x59, 0x01, 0x4d, 0x00, 0x0e, 0x00, 0x00, 0x00, 0x02, 0x00, 0x02, 0x00, 0x00, 0x00, 0x00, 0x00, 
0x00, 0x00, 0x00, 0x00, 0x03, 0x00, 0x00, 0x00, 0x5b, 0x01, 0x50, 0x00, 0x0e, 0x00, 0x00, 0x00, 
0x02, 0x00, 0x02, 0x00, 0x00, 0x00, 0x00, 0x00, 0x00, 0x00, 0x00, 0x00, 0x03, 0x00, 0x00, 0x00, 
0x5c, 0x01, 0x51, 0x00, 0x0e, 0x00, 0x00, 0x00, 0x01, 0x00, 0x01, 0x00, 0x01, 0x00, 0x00, 0x00, 
0x00, 0x00, 0x00, 0x00, 0x04, 0x00, 0x00, 0x00, 0x70, 0x10, 0x7b, 0x00, 0x00, 0x00, 0x0e, 0x00, 
0x01, 0x00, 0x01, 0x00, 0x01, 0x00, 0x00, 0x00, 0x00, 0x00, 0x00, 0x00, 0x04, 0x00, 0x00, 0x00, 
0x70, 0x10, 0x81, 0x00, 0x00, 0x00, 0x0e, 0x00, 0x03, 0x00, 0x03, 0x00, 0x03, 0x00, 0x00, 0x00, 
0x00, 0x00, 0x00, 0x00, 0x04, 0x00, 0x00, 0x00, 0x70, 0x30, 0x83, 0x00, 0x10, 0x02, 0x0e, 0x00, 
0x01, 0x00, 0x01, 0x00, 0x01, 0x00, 0x00, 0x00, 0x00, 0x00, 0x00, 0x00, 0x04, 0x00, 0x00, 0x00, 
0x70, 0x10, 0x85, 0x00, 0x00, 0x00, 0x0e, 0x00, 0x01, 0x00, 0x01, 0x00, 0x01, 0x00, 0x00, 0x00, 
0x00, 0x00, 0x00, 0x00, 0x04, 0x00, 0x00, 0x00, 0x70, 0x10, 0x87, 0x00, 0x00, 0x00, 0x0e, 0x00, 
0x01, 0x00, 0x01, 0x00, 0x01, 0x00, 0x00, 0x00, 0x00, 0x00, 0x00, 0x00, 0x04, 0x00, 0x00, 0x00, 
0x70, 0x10, 0x89, 0x00, 0x00, 0x00, 0x0e, 0x00, 0x01, 0x00, 0x01, 0x00, 0x01, 0x00, 0x00, 0x00, 
0x00, 0x00, 0x00, 0x00, 0x04, 0x00, 0x00, 0x00, 0x70, 0x10, 0x8b, 0x00, 0x00, 0x00, 0x0e, 0x00, 
0x01, 0x00, 0x01, 0x00, 0x01, 0x00, 0x00, 0x00, 0x00, 0x00, 0x00, 0x00, 0x04, 0x00, 0x00, 0x00, 
0x70, 0x10, 0x8d, 0x00, 0x00, 0x00, 0x0e, 0x00, 0x01, 0x00, 0x01, 0x00, 0x01, 0x00, 0x00, 0x00, 
0x00, 0x00, 0x00, 0x00, 0x04, 0x00, 0x00, 0x00, 0x70, 0x10, 0x90, 0x00, 0x00, 0x00, 0x0e, 0x00, 
0x01, 0x00, 0x01, 0x00, 0x01, 0x00, 0x00, 0x00, 0x00, 0x00, 0x00, 0x00, 0x04, 0x00, 0x00, 0x00, 
0x70, 0x10, 0x91, 0x00, 0x00, 0x00, 0x0e, 0x00, 0x01, 0x00, 0x00, 0x00, 0x01, 0x00, 0x00, 0x00, 
0x9b, 0x52, 0x00, 0x00, 0x0a, 0x00, 0x00, 0x00, 0x00, 0x00, 0x1a, 0x00, 0x0d, 0x01, 0x71, 0x10, 
0xfb, 0x00, 0x00, 0x00, 0x0c, 0x00, 0x69, 0x00, 0x12, 0x00, 0x0e, 0x00, 0x04, 0x00, 0x02, 0x00, 
0x02, 0x00, 0x00, 0x00, 0xa1, 0x52, 0x00, 0x00, 0x90, 0x00, 0x00, 0x00, 0x70, 0x10, 0xd1, 0x00, 
0x02, 0x00, 0x22, 0x00, 0x10, 0x00, 0x71, 0x00, 0x21, 0x00, 0x00, 0x00, 0x0c, 0x01, 0x70, 0x20, 
0x19, 0x00, 0x10, 0x00, 0x5b, 0x20, 0x3c, 0x00, 0x22, 0x00, 0x2e, 0x00, 0x70, 0x10, 0x9d, 0x00, 
0x00, 0x00, 0x5b, 0x20, 0x48, 0x00, 0x12, 0x10, 0x5c, 0x20, 0x51, 0x00, 0x5c, 0x20, 0x4b, 0x00, 
0x5c, 0x20, 0x2f, 0x00, 0x5c, 0x20, 0x2e, 0x00, 0x59, 0x20, 0x27, 0x00, 0x13, 0x01, 0xe8, 0x03, 
0x59, 0x21, 0x45, 0x00, 0x1a, 0x01, 0x40, 0x02, 0x5b, 0x21, 0x4f, 0x00, 0x1a, 0x01, 0x01, 0x01, 
0x5b, 0x21, 0x43, 0x00, 0x15, 0x01, 0xd0, 0x40, 0x59, 0x21, 0x30, 0x00, 0x15, 0x01, 0xc0, 0x3f, 
0x59, 0x21, 0x40, 0x00, 0x15, 0x01, 0x00, 0x40, 0x59, 0x21, 0x3f, 0x00, 0x12, 0x01, 0x59, 0x21, 
0x42, 0x00, 0x1a, 0x01, 0x48, 0x00, 0x5b, 0x21, 0x54, 0x00, 0x1a, 0x01, 0x45, 0x00, 0x5b, 0x21, 
0x53, 0x00, 0x13, 0x01, 0xfa, 0x00, 0x59, 0x21, 0x4e, 0x00, 0x13, 0x01, 0xd8, 0x0e, 0x59, 0x21, 
0x52, 0x00, 0x59, 0x20, 0x4c, 0x00, 0x22, 0x00, 0x43, 0x00, 0x13, 0x01, 0x20, 0x00, 0x70, 0x20, 
0xdf, 0x00, 0x10, 0x00, 0x5b, 0x20, 0x4a, 0x00, 0x22, 0x00, 0x22, 0x00, 0x70, 0x20, 0x3f, 0x00, 
0x20, 0x00, 0x5b, 0x20, 0x46, 0x00, 0x22, 0x00, 0x23, 0x00, 0x70, 0x20, 0x41, 0x00, 0x20, 0x00, 
0x5b, 0x20, 0x44, 0x00, 0x22, 0x00, 0x24, 0x00, 0x70, 0x20, 0x43, 0x00, 0x20, 0x00, 0x5b, 0x20, 
0x2c, 0x00, 0x22, 0x00, 0x26, 0x00, 0x70, 0x20, 0x47, 0x00, 0x20, 0x00, 0x5b, 0x20, 0x47, 0x00, 
0x22, 0x00, 0x27, 0x00, 0x70, 0x20, 0x49, 0x00, 0x20, 0x00, 0x5b, 0x20, 0x1f, 0x00, 0x22, 0x00, 
0x28, 0x00, 0x70, 0x20, 0x4c, 0x00, 0x20, 0x00, 0x5b, 0x20, 0x21, 0x00, 0x1a, 0x00, 0x00, 0x00, 
0x5b, 0x20, 0x39, 0x00, 0x5b, 0x20, 0x38, 0x00, 0x6e, 0x10, 0x01, 0x00, 0x03, 0x00, 0x0c, 0x00, 
0x38, 0x00, 0x03, 0x00, 0x07, 0x03, 0x5b, 0x23, 0x28, 0x00, 0x0e, 0x00, 0x0d, 0x00, 0x04, 0x00, 
0x03, 0x00, 0x00, 0x00, 0xe0, 0x52, 0x00, 0x00, 0x45, 0x00, 0x00, 0x00, 0x16, 0x00, 0x00, 0x00, 
0x30, 0x02, 0x0a, 0x00, 0x3b, 0x02, 0x08, 0x00, 0x13, 0x00, 0x2d, 0x00, 0x6e, 0x20, 0xe0, 0x00, 
0x09, 0x00, 0x80, 0xaa, 0x00, 0x00, 0x16, 0x00, 0x01, 0x00, 0x12, 0x02, 0x16, 0x03, 0x0a, 0x00, 
0x35, 0xc2, 0x07, 0x00, 0x9d, 0x00, 0x00, 0x03, 0xd8, 0x02, 0x02, 0x01, 0x28, 0xf8, 0x86, 0x05, 
0x71, 0x20, 0xc7, 0x00, 0x65, 0x00, 0xad, 0x0a, 0x0a, 0x05, 0x19, 0x05, 0xe0, 0x3f, 0xcb, 0x5a, 
0x8b, 0xaa, 0x9e, 0x05, 0x0a, 0x00, 0x6e, 0x30, 0xe3, 0x00, 0x59, 0x06, 0x3d, 0x0c, 0x1c, 0x00, 
0x13, 0x0c, 0x2e, 0x00, 0x6e, 0x20, 0xe0, 0x00, 0xc9, 0x00, 0xbf, 0x0a, 0xbe, 0x30, 0x16, 0x05, 
0x00, 0x00, 0x31, 0x0c, 0x00, 0x05, 0x3d, 0x0c, 0x0f, 0x00, 0x9e, 0x05, 0x0a, 0x00, 0xbf, 0x35, 
0x16, 0x07, 0x30, 0x00, 0xbb, 0x75, 0x84, 0x5c, 0x8e, 0xcc, 0x6e, 0x20, 0xe0, 0x00, 0xc9, 0x00, 
0xbe, 0x30, 0x28, 0xee, 0x0e, 0x00, 0x00, 0x00, 0x09, 0x00, 0x01, 0x00, 0x03, 0x00, 0x00, 0x00, 
0xf8, 0x52, 0x00, 0x00, 0x6e, 0x00, 0x00, 0x00, 0x52, 0x80, 0x4e, 0x00, 0x83, 0x00, 0x19, 0x02, 
0x24, 0x40, 0x71, 0x20, 0xc7, 0x00, 0x10, 0x00, 0xce, 0x20, 0x52, 0x82, 0x52, 0x00, 0x83, 0x22, 
0x18, 0x04, 0x00, 0x00, 0x00, 0x00, 0x00, 0x40, 0x8f, 0x40, 0x71, 0x20, 0xc7, 0x00, 0x32, 0x00, 
0xce, 0x42, 0x55, 0x86, 0x33, 0x00, 0x38, 0x06, 0x06, 0x00, 0x53, 0x86, 0x2d, 0x00, 0xce, 0x46, 
0x28, 0x03, 0x16, 0x06, 0x00, 0x00, 0xad, 0x02, 0x02, 0x06, 0x52, 0x84, 0x27, 0x00, 0x1a, 0x05, 
0x00, 0x00, 0x2b, 0x04, 0x3d, 0x00, 0x00, 0x00, 0x70, 0x30, 0x79, 0x00, 0x08, 0x01, 0x0c, 0x00, 
0x5b, 0x80, 0x39, 0x00, 0x70, 0x30, 0x7a, 0x00, 0x28, 0x03, 0x0c, 0x00, 0x5b, 0x80, 0x38, 0x00, 
0x28, 0x2d, 0x70, 0x10, 0x78, 0x00, 0x08, 0x00, 0x0c, 0x00, 0x5b, 0x80, 0x39, 0x00, 0x70, 0x30, 
0x7a, 0x00, 0x28, 0x03, 0x0c, 0x00, 0x5b, 0x80, 0x38, 0x00, 0x28, 0x20, 0x70, 0x30, 0x79, 0x00, 
0x08, 0x01, 0x0c, 0x00, 0x5b, 0x80, 0x39, 0x00, 0x70, 0x10, 0x78, 0x00, 0x08, 0x00, 0x0c, 0x00, 
0x5b, 0x80, 0x38, 0x00, 0x28, 0x13, 0x70, 0x30, 0x79, 0x00, 0x08, 0x01, 0x0c, 0x00, 0x5b, 0x80, 
0x39, 0x00, 0x5b, 0x85, 0x38, 0x00, 0x28, 0x0a, 0x70, 0x30, 0x7a, 0x00, 0x28, 0x03, 0x0c, 0x00, 
0x5b, 0x80, 0x39, 0x00, 0x5b, 0x85, 0x38, 0x00, 0x00, 0x00, 0x0e, 0x00, 0x00, 0x01, 0x04, 0x00, 
0x02, 0x00, 0x00, 0x00, 0x33, 0x00, 0x00, 0x00, 0x2a, 0x00, 0x00, 0x00, 0x1d, 0x00, 0x00, 0x00, 
0x10, 0x00, 0x00, 0x00, 0x03, 0x00, 0x01, 0x00, 0x02, 0x00, 0x00, 0x00, 0x1c, 0x53, 0x00, 0x00, 
0x14, 0x00, 0x00, 0x00, 0x54, 0x20, 0x50, 0x00, 0x38, 0x00, 0x11, 0x00, 0x54, 0x20, 0x50, 0x00, 
0x6e, 0x10, 0xa7, 0x00, 0x00, 0x00, 0x0a, 0x00, 0x13, 0x01, 0x08, 0x00, 0x32, 0x10, 0x07, 0x00, 
0x54, 0x20, 0x50, 0x00, 0x6e, 0x20, 0xb3, 0x00, 0x10, 0x00, 0x0e, 0x00, 0x04, 0x00, 0x01, 0x00, 
0x03, 0x00, 0x01, 0x00, 0x23, 0x53, 0x00, 0x00, 0x2c, 0x00, 0x00, 0x00, 0x1a, 0x00, 0x4e, 0x00, 
0x62, 0x01, 0x56, 0x00, 0x38, 0x01, 0x03, 0x00, 0x0e, 0x00, 0x22, 0x01, 0x36, 0x00, 0x1a, 0x02, 
0x3e, 0x00, 0x70, 0x20, 0xb6, 0x00, 0x21, 0x00, 0x6e, 0x10, 0xb7, 0x00, 0x01, 0x00, 0x0a, 0x01, 
0x38, 0x01, 0x08, 0x00, 0x1a, 0x03, 0x66, 0x00, 0x71, 0x20, 0x27, 0x00, 0x30, 0x00, 0x0e, 0x00, 
0x22, 0x01, 0x2a, 0x00, 0x70, 0x20, 0x73, 0x00, 0x31, 0x00, 0x69, 0x01, 0x56, 0x00, 0x70, 0x10, 
0x8e, 0x00, 0x01, 0x00, 0x28, 0x07, 0x0d, 0x03, 0x1a, 0x01, 0x74, 0x00, 0x71, 0x30, 0x25, 0x00, 
0x10, 0x03, 0x0e, 0x00, 0x07, 0x00, 0x00, 0x00, 0x1d, 0x00, 0x01, 0x00, 0x01, 0x00, 0x25, 0x00, 
0x09, 0x00, 0x01, 0x00, 0x03, 0x00, 0x01, 0x00, 0x34, 0x53, 0x00, 0x00, 0x6d, 0x00, 0x00, 0x00, 
0x1a, 0x00, 0x29, 0x01, 0x71, 0x10, 0xc2, 0x00, 0x00, 0x00, 0x0c, 0x00, 0x1a, 0x01, 0x2a, 0x01, 
0x71, 0x10, 0xc2, 0x00, 0x01, 0x00, 0x0c, 0x01, 0x1a, 0x02, 0x4b, 0x01, 0x12, 0x13, 0x23, 0x34, 
0x5b, 0x00, 0x1c, 0x05, 0x3a, 0x00, 0x12, 0x06, 0x4d, 0x05, 0x04, 0x06, 0x6e, 0x30, 0xc6, 0x00, 
0x20, 0x04, 0x0c, 0x00, 0x23, 0x32, 0x5c, 0x00, 0x4d, 0x01, 0x02, 0x06, 0x12, 0x04, 0x6e, 0x30, 
0xed, 0x00, 0x40, 0x02, 0x0c, 0x00, 0x39, 0x00, 0x03, 0x00, 0x0e, 0x00, 0x1a, 0x02, 0x2b, 0x01, 
0x71, 0x10, 0xc2, 0x00, 0x02, 0x00, 0x0c, 0x02, 0x6e, 0x10, 0xc3, 0x00, 0x02, 0x00, 0x0c, 0x04, 
0x23, 0x35, 0x5b, 0x00, 0x4d, 0x02, 0x05, 0x06, 0x22, 0x07, 0x29, 0x00, 0x70, 0x20, 0x4e, 0x00, 
0x87, 0x00, 0x71, 0x30, 0xee, 0x00, 0x54, 0x07, 0x0c, 0x04, 0x1a, 0x05, 0x12, 0x01, 0x23, 0x37, 
0x5b, 0x00, 0x4d, 0x02, 0x07, 0x06, 0x6e, 0x30, 0xc6, 0x00, 0x51, 0x07, 0x0c, 0x01, 0x23, 0x32, 
0x5c, 0x00, 0x4d, 0x04, 0x02, 0x06, 0x6e, 0x30, 0xed, 0x00, 0x01, 0x02, 0x28, 0x1e, 0x0d, 0x00, 
0x6e, 0x10, 0xe9, 0x00, 0x00, 0x00, 0x0c, 0x00, 0x22, 0x01, 0x43, 0x00, 0x70, 0x10, 0xde, 0x00, 
0x01, 0x00, 0x1a, 0x02, 0x65, 0x00, 0x6e, 0x20, 0xe4, 0x00, 0x21, 0x00, 0x0c, 0x01, 0x6e, 0x20, 
0xe4, 0x00, 0x01, 0x00, 0x0c, 0x00, 0x6e, 0x10, 0xe7, 0x00, 0x00, 0x00, 0x0c, 0x00, 0x1a, 0x01, 
0x4e, 0x00, 0x71, 0x20, 0x24, 0x00, 0x01, 0x00, 0x0e, 0x00, 0x00, 0x00, 0x00, 0x00, 0x00, 0x00, 
0x4e, 0x00, 0x01, 0x00, 0x01, 0x00, 0x4f, 0x00, 0x0b, 0x00, 0x01, 0x00, 0x04, 0x00, 0x01, 0x00, 
0x51, 0x53, 0x00, 0x00, 0x30, 0x01, 0x00, 0x00, 0x1a, 0x00, 0x38, 0x01, 0x1a, 0x01, 0x4e, 0x00, 
0x22, 0x02, 0x36, 0x00, 0x1a, 0x03, 0x3d, 0x00, 0x70, 0x20, 0xb6, 0x00, 0x32, 0x00, 0x6e, 0x10, 
0xb7, 0x00, 0x02, 0x00, 0x0a, 0x03, 0x39, 0x03, 0x03, 0x00, 0x0e, 0x00, 0x6e, 0x10, 0xb9, 0x00, 
0x02, 0x00, 0x0b, 0x03, 0x5a, 0xa3, 0x36, 0x00, 0x71, 0x10, 0x86, 0x00, 0x02, 0x00, 0x0c, 0x02, 
0x38, 0x02, 0x0c, 0x01, 0x6e, 0x10, 0xdc, 0x00, 0x02, 0x00, 0x0c, 0x03, 0x6e, 0x10, 0xd8, 0x00, 
0x03, 0x00, 0x0a, 0x03, 0x38, 0x03, 0x04, 0x00, 0x29, 0x00, 0x00, 0x01, 0x22, 0x03, 0x56, 0x00, 
0x70, 0x20, 0xfd, 0x00, 0x23, 0x00, 0x1a, 0x02, 0x3b, 0x01, 0x12, 0x14, 0x6e, 0x30, 0xfe, 0x00, 
0x23, 0x04, 0x0a, 0x02, 0x5c, 0xa2, 0x2f, 0x00, 0x1a, 0x02, 0x81, 0x01, 0x6e, 0x30, 0x01, 0x01, 
0x23, 0x00, 0x0c, 0x02, 0x6e, 0x20, 0xd5, 0x00, 0x20, 0x00, 0x0a, 0x00, 0x5c, 0xa0, 0x2e, 0x00, 
0x1a, 0x00, 0x30, 0x01, 0x6e, 0x30, 0x00, 0x01, 0x03, 0x04, 0x0a, 0x00, 0x59, 0xa0, 0x27, 0x00, 
0x1a, 0x00, 0xfd, 0x01, 0x13, 0x02, 0xe8, 0x03, 0x6e, 0x30, 0x00, 0x01, 0x03, 0x02, 0x0a, 0x00, 
0x59, 0xa0, 0x45, 0x00, 0x1a, 0x00, 0x2b, 0x02, 0x1a, 0x02, 0x40, 0x02, 0x6e, 0x30, 0x01, 0x01, 
0x03, 0x02, 0x0c, 0x00, 0x5b, 0xa0, 0x4f, 0x00, 0x1a, 0x00, 0xf5, 0x01, 0x1a, 0x02, 0x01, 0x01, 
0x6e, 0x30, 0x01, 0x01, 0x03, 0x02, 0x0c, 0x00, 0x5b, 0xa0, 0x43, 0x00, 0x55, 0xa0, 0x2e, 0x00, 
0x38, 0x00, 0x05, 0x00, 0x15, 0x00, 0xd0, 0x40, 0x28, 0x03, 0x15, 0x00, 0xc0, 0x40, 0x55, 0xa2, 
0x2e, 0x00, 0x38, 0x02, 0x05, 0x00, 0x15, 0x02, 0xc0, 0x3f, 0x28, 0x03, 0x15, 0x02, 0x00, 0x3f, 
0x1a, 0x05, 0x45, 0x01, 0x89, 0x06, 0x6e, 0x40, 0xff, 0x00, 0x53, 0x76, 0x0b, 0x05, 0x8c, 0x50, 
0x59, 0xa0, 0x30, 0x00, 0x1a, 0x00, 0x20, 0x01, 0x12, 0x05, 0x6e, 0x30, 0xfe, 0x00, 0x03, 0x05, 
0x0a, 0x00, 0x5c, 0xa0, 0x23, 0x00, 0x1a, 0x00, 0x26, 0x01, 0x6e, 0x30, 0xfe, 0x00, 0x03, 0x05, 
0x0a, 0x00, 0x5c, 0xa0, 0x24, 0x00, 0x1a, 0x00, 0xee, 0x01, 0x89, 0x25, 0x6e, 0x40, 0xff, 0x00, 
0x03, 0x65, 0x0b, 0x05, 0x8c, 0x50, 0x59, 0xa0, 0x40, 0x00, 0x1a, 0x00, 0xec, 0x01, 0x16, 0x05, 
0x00, 0x00, 0x6e, 0x40, 0xff, 0x00, 0x03, 0x65, 0x0b, 0x05, 0x8c, 0x50, 0x59, 0xa0, 0x3e, 0x00, 
0x1a, 0x00, 0xed, 0x01, 0x19, 0x05, 0x00, 0x40, 0x6e, 0x40, 0xff, 0x00, 0x03, 0x65, 0x0b, 0x05, 
0x8c, 0x50, 0x59, 0xa0, 0x3f, 0x00, 0x1a, 0x00, 0xf4, 0x01, 0x1a, 0x02, 0x83, 0x01, 0x6e, 0x30, 
0x01, 0x01, 0x03, 0x02, 0x0c, 0x00, 0x71, 0x10, 0x84, 0x00, 0x00, 0x00, 0x0a, 0x00, 0x59, 0xa0, 
0x42, 0x00, 0x5c, 0xa4, 0x51, 0x00, 0x55, 0xa0, 0x2f, 0x00, 0x55, 0xa2, 0x2e, 0x00, 0x52, 0xa3, 
0x27, 0x00, 0x52, 0xa4, 0x30, 0x00, 0x52, 0xa5, 0x45, 0x00, 0x52, 0xa6, 0x3f, 0x00, 0x52, 0xa7, 
0x42, 0x00, 0x22, 0x08, 0x43, 0x00, 0x70, 0x10, 0xde, 0x00, 0x08, 0x00, 0x1a, 0x09, 0x5e, 0x00, 
0x6e, 0x20, 0xe4, 0x00, 0x98, 0x00, 0x0c, 0x08, 0x6e, 0x20, 0xe5, 0x00, 0x08, 0x00, 0x0c, 0x00, 
0x1a, 0x08, 0x04, 0x00, 0x6e, 0x20, 0xe4, 0x00, 0x80, 0x00, 0x0c, 0x00, 0x6e, 0x20, 0xe5, 0x00, 
0x20, 0x00, 0x0c, 0x00, 0x1a, 0x02, 0x09, 0x00, 0x6e, 0x20, 0xe4, 0x00, 0x20, 0x00, 0x0c, 0x00, 
0x6e, 0x20, 0xe2, 0x00, 0x30, 0x00, 0x0c, 0x00, 0x1a, 0x02, 0x05, 0x00, 0x6e, 0x20, 0xe4, 0x00, 
0x20, 0x00, 0x0c, 0x00, 0x6e, 0x20, 0xe1, 0x00, 0x40, 0x00, 0x0c, 0x00, 0x1a, 0x02, 0x06, 0x00, 
0x6e, 0x20, 0xe4, 0x00, 0x20, 0x00, 0x0c, 0x00, 0x6e, 0x20, 0xe2, 0x00, 0x50, 0x00, 0x0c, 0x00, 
0x1a, 0x02, 0x0a, 0x00, 0x6e, 0x20, 0xe4, 0x00, 0x20, 0x00, 0x0c, 0x00, 0x6e, 0x20, 0xe1, 0x00, 
0x60, 0x00, 0x0c, 0x00, 0x1a, 0x02, 0x0c, 0x00, 0x6e, 0x20, 0xe4, 0x00, 0x20, 0x00, 0x0c, 0x00, 
0x6e, 0x20, 0xe2, 0x00, 0x70, 0x00, 0x0c, 0x00, 0x6e, 0x10, 0xe7, 0x00, 0x00, 0x00, 0x0c, 0x00, 
0x71, 0x20, 0x26, 0x00, 0x01, 0x00, 0x28, 0x08, 0x0e, 0x00, 0x0d, 0x00, 0x1a, 0x02, 0x5f, 0x00, 
0x71, 0x30, 0x25, 0x00, 0x21, 0x00, 0x0e, 0x00, 0x04, 0x00, 0x00, 0x00, 0x23, 0x01, 0x01, 0x00, 
0x01, 0x00, 0xa9, 0x02, 0x08, 0x00, 0x01, 0x00, 0x02, 0x00, 0x00, 0x00, 0x78, 0x53, 0x00, 0x00, 
0x35, 0x00, 0x00, 0x00, 0x55, 0x70, 0x3d, 0x00, 0x38, 0x00, 0x03, 0x00, 0x0e, 0x00, 0x71, 0x00, 
0x23, 0x00, 0x00, 0x00, 0x0b, 0x00, 0x53, 0x72, 0x35, 0x00, 0x9c, 0x02, 0x00, 0x02, 0x16, 0x04, 
0x88, 0x13, 0x31, 0x06, 0x02, 0x04, 0x3b, 0x06, 0x03, 0x00, 0x0e, 0x00, 0x5a, 0x70, 0x35, 0x00, 
0x22, 0x00, 0x36, 0x00, 0x1a, 0x01, 0x3d, 0x00, 0x70, 0x20, 0xb6, 0x00, 0x10, 0x00, 0x6e, 0x10, 
0xb7, 0x00, 0x00, 0x00, 0x0a, 0x01, 0x38, 0x01, 0x13, 0x00, 0x6e, 0x10, 0xb9, 0x00, 0x00, 0x00, 
0x0b, 0x00, 0x53, 0x72, 0x36, 0x00, 0x31, 0x04, 0x00, 0x02, 0x38, 0x04, 0x09, 0x00, 0x54, 0x70, 
0x3c, 0x00, 0x54, 0x71, 0x46, 0x00, 0x6e, 0x20, 0x1a, 0x00, 0x10, 0x00, 0x0e, 0x00, 0x00, 0x00, 
0x0b, 0x00, 0x03, 0x00, 0x03, 0x00, 0x00, 0x00, 0x86, 0x53, 0x00, 0x00, 0xcc, 0x00, 0x00, 0x00, 
0x12, 0x10, 0x5c, 0x80, 0x31, 0x00, 0x1a, 0x01, 0x26, 0x02, 0x52, 0x82, 0x4c, 0x00, 0x6e, 0x30, 
0x07, 0x00, 0x19, 0x02, 0x0a, 0x01, 0x59, 0x81, 0x4c, 0x00, 0x1a, 0x01, 0xf0, 0x01, 0x52, 0x82, 
0x41, 0x00, 0x6e, 0x30, 0x07, 0x00, 0x19, 0x02, 0x0a, 0x01, 0x59, 0x81, 0x41, 0x00, 0x1a, 0x01, 
0x2c, 0x02, 0x15, 0x02, 0x00, 0x80, 0x6e, 0x30, 0x07, 0x00, 0x19, 0x02, 0x0a, 0x01, 0x32, 0x21, 
0x04, 0x00, 0x59, 0x81, 0x4e, 0x00, 0x1a, 0x01, 0x3c, 0x02, 0x52, 0x82, 0x52, 0x00, 0x6e, 0x30, 
0x07, 0x00, 0x19, 0x02, 0x0a, 0x01, 0x59, 0x81, 0x52, 0x00, 0x71, 0x00, 0x23, 0x00, 0x00, 0x00, 
0x0b, 0x01, 0x39, 0x0a, 0x0c, 0x00, 0x53, 0x83, 0x34, 0x00, 0x9c, 0x03, 0x01, 0x03, 0x16, 0x05, 
0x30, 0x75, 0x31, 0x07, 0x03, 0x05, 0x3d, 0x07, 0x53, 0x00, 0x5a, 0x81, 0x34, 0x00, 0x38, 0x0a, 
0x05, 0x00, 0x1a, 0x01, 0x27, 0x02, 0x28, 0x03, 0x1a, 0x01, 0x83, 0x01, 0x52, 0x82, 0x4e, 0x00, 
0x52, 0x83, 0x52, 0x00, 0x52, 0x84, 0x4c, 0x00, 0x52, 0x85, 0x41, 0x00, 0x22, 0x06, 0x43, 0x00, 
0x70, 0x10, 0xde, 0x00, 0x06, 0x00, 0x1a, 0x07, 0x55, 0x00, 0x6e, 0x20, 0xe4, 0x00, 0x76, 0x00, 
0x0c, 0x06, 0x6e, 0x20, 0xe4, 0x00, 0x16, 0x00, 0x0c, 0x01, 0x1a, 0x06, 0x13, 0x00, 0x6e, 0x20, 
0xe4, 0x00, 0x61, 0x00, 0x0c, 0x01, 0x6e, 0x20, 0xe2, 0x00, 0x21, 0x00, 0x0c, 0x01, 0x1a, 0x02, 
0x0e, 0x00, 0x6e, 0x20, 0xe4, 0x00, 0x21, 0x00, 0x0c, 0x01, 0x6e, 0x20, 0xe2, 0x00, 0x31, 0x00, 
0x0c, 0x01, 0x1a, 0x02, 0x0d, 0x00, 0x6e, 0x20, 0xe4, 0x00, 0x21, 0x00, 0x0c, 0x01, 0x6e, 0x20, 
0xe2, 0x00, 0x41, 0x00, 0x0c, 0x01, 0x1a, 0x02, 0x0b, 0x00, 0x6e, 0x20, 0xe4, 0x00, 0x21, 0x00, 
0x0c, 0x01, 0x6e, 0x20, 0xe2, 0x00, 0x51, 0x00, 0x0c, 0x01, 0x6e, 0x10, 0xe7, 0x00, 0x01, 0x00, 
0x0c, 0x01, 0x1a, 0x02, 0x4e, 0x00, 0x71, 0x20, 0x24, 0x00, 0x12, 0x00, 0x1a, 0x01, 0x25, 0x01, 
0x6e, 0x20, 0x08, 0x00, 0x19, 0x00, 0x0a, 0x02, 0x38, 0x02, 0x0f, 0x00, 0x52, 0x82, 0x42, 0x00, 
0x12, 0x23, 0x33, 0x32, 0x0a, 0x00, 0x12, 0x02, 0x6e, 0x30, 0x07, 0x00, 0x19, 0x02, 0x0a, 0x09, 
0x70, 0x30, 0x93, 0x00, 0x98, 0x0a, 0x70, 0x10, 0x82, 0x00, 0x08, 0x00, 0x52, 0x89, 0x42, 0x00, 
0x32, 0x09, 0x0a, 0x00, 0x52, 0x89, 0x42, 0x00, 0x39, 0x09, 0x09, 0x00, 0x55, 0x89, 0x33, 0x00, 
0x39, 0x09, 0x05, 0x00, 0x70, 0x10, 0x89, 0x00, 0x08, 0x00, 0x55, 0x89, 0x4b, 0x00, 0x38, 0x09, 
0x11, 0x00, 0x55, 0x89, 0x2f, 0x00, 0x38, 0x09, 0x0d, 0x00, 0x52, 0x89, 0x42, 0x00, 0x39, 0x09, 
0x09, 0x00, 0x55, 0x89, 0x49, 0x00, 0x39, 0x09, 0x05, 0x00, 0x70, 0x10, 0x90, 0x00, 0x08, 0x00, 
0x70, 0x10, 0x87, 0x00, 0x08, 0x00, 0x0e, 0x00, 0x06, 0x00, 0x01, 0x00, 0x02, 0x00, 0x00, 0x00, 
0xa2, 0x53, 0x00, 0x00, 0x86, 0x00, 0x00, 0x00, 0x54, 0x50, 0x4f, 0x00, 0x22, 0x01, 0x43, 0x00, 
0x70, 0x10, 0xde, 0x00, 0x01, 0x00, 0x1a, 0x02, 0x47, 0x00, 0x6e, 0x20, 0xe4, 0x00, 0x21, 0x00, 
0x0c, 0x01, 0x6e, 0x20, 0xe4, 0x00, 0x01, 0x00, 0x0c, 0x00, 0x6e, 0x10, 0xe7, 0x00, 0x00, 0x00, 
0x0c, 0x00, 0x54, 0x51, 0x43, 0x00, 0x22, 0x02, 0x43, 0x00, 0x70, 0x10, 0xde, 0x00, 0x02, 0x00, 
0x1a, 0x03, 0x44, 0x00, 0x6e, 0x20, 0xe4, 0x00, 0x32, 0x00, 0x0c, 0x02, 0x6e, 0x20, 0xe4, 0x00, 
0x12, 0x00, 0x0c, 0x01, 0x6e, 0x10, 0xe7, 0x00, 0x01, 0x00, 0x0c, 0x01, 0x52, 0x52, 0x27, 0x00, 
0x1a, 0x03, 0x46, 0x00, 0x1a, 0x04, 0x00, 0x00, 0x2b, 0x02, 0x4a, 0x00, 0x00, 0x00, 0x5b, 0x50, 
0x54, 0x00, 0x5b, 0x51, 0x53, 0x00, 0x28, 0x15, 0x5b, 0x53, 0x54, 0x00, 0x5b, 0x51, 0x53, 0x00, 
0x28, 0x10, 0x5b, 0x50, 0x54, 0x00, 0x5b, 0x53, 0x53, 0x00, 0x28, 0x0b, 0x5b, 0x50, 0x54, 0x00, 
0x5b, 0x54, 0x53, 0x00, 0x28, 0x06, 0x5b, 0x51, 0x54, 0x00, 0x5b, 0x54, 0x53, 0x00, 0x00, 0x00, 
0x55, 0x50, 0x2e, 0x00, 0x39, 0x00, 0x2a, 0x00, 0x54, 0x50, 0x53, 0x00, 0x6e, 0x10, 0xd8, 0x00, 
0x00, 0x00, 0x0a, 0x00, 0x54, 0x51, 0x54, 0x00, 0x38, 0x00, 0x03, 0x00, 0x28, 0x1a, 0x54, 0x50, 
0x53, 0x00, 0x22, 0x02, 0x43, 0x00, 0x70, 0x10, 0xde, 0x00, 0x02, 0x00, 0x6e, 0x20, 0xe4, 0x00, 
0x12, 0x00, 0x0c, 0x01, 0x1a, 0x02, 0x01, 0x00, 0x6e, 0x20, 0xe4, 0x00, 0x21, 0x00, 0x0c, 0x01, 
0x6e, 0x20, 0xe4, 0x00, 0x01, 0x00, 0x0c, 0x00, 0x6e, 0x10, 0xe7, 0x00, 0x00, 0x00, 0x0c, 0x01, 
0x5b, 0x51, 0x54, 0x00, 0x5b, 0x54, 0x53, 0x00, 0x0e, 0x00, 0x00, 0x00, 0x00, 0x01, 0x04, 0x00, 
0x02, 0x00, 0x00, 0x00, 0x17, 0x00, 0x00, 0x00, 0x12, 0x00, 0x00, 0x00, 0x0d, 0x00, 0x00, 0x00, 
0x08, 0x00, 0x00, 0x00, 0x0e, 0x00, 0x01, 0x00, 0x0a, 0x00, 0x03, 0x00, 0xcd, 0x53, 0x00, 0x00, 
0x69, 0x01, 0x00, 0x00, 0x1a, 0x01, 0x4e, 0x00, 0x55, 0xd0, 0x2f, 0x00, 0x39, 0x00, 0x06, 0x00, 
0x70, 0x10, 0x7b, 0x00, 0x0d, 0x00, 0x0e, 0x00, 0x54, 0xd0, 0x50, 0x00, 0x38, 0x00, 0x3d, 0x01, 
0x54, 0xd0, 0x50, 0x00, 0x6e, 0x10, 0xa9, 0x00, 0x00, 0x00, 0x0a, 0x00, 0x39, 0x00, 0x04, 0x00, 
0x29, 0x00, 0x33, 0x01, 0x54, 0xd0, 0x25, 0x00, 0x38, 0x00, 0x0e, 0x00, 0x54, 0xd0, 0x25, 0x00, 
0x6e, 0x10, 0x38, 0x00, 0x00, 0x00, 0x0a, 0x00, 0x38, 0x00, 0x06, 0x00, 0x70, 0x10, 0x7b, 0x00, 
0x0d, 0x00, 0x0e, 0x00, 0x55, 0xd0, 0x24, 0x00, 0x38, 0x00, 0x0c, 0x00, 0x70, 0x10, 0x7e, 0x00, 
0x0d, 0x00, 0x0a, 0x00, 0x39, 0x00, 0x06, 0x00, 0x70, 0x10, 0x7b, 0x00, 0x0d, 0x00, 0x0e, 0x00, 
0x54, 0xd0, 0x50, 0x00, 0x6e, 0x10, 0xa7, 0x00, 0x00, 0x00, 0x0a, 0x00, 0x12, 0x02, 0x38, 0x00, 
0x07, 0x00, 0x54, 0xd0, 0x50, 0x00, 0x6e, 0x20, 0xb3, 0x00, 0x20, 0x00, 0x70, 0x10, 0x75, 0x00, 
0x0d, 0x00, 0x55, 0xd0, 0x51, 0x00, 0x38, 0x00, 0x26, 0x00, 0x5c, 0xd2, 0x51, 0x00, 0x54, 0xd3, 
0x50, 0x00, 0x55, 0xd4, 0x2e, 0x00, 0x52, 0xd5, 0x30, 0x00, 0x55, 0xd6, 0x23, 0x00, 0x54, 0xd0, 
0x25, 0x00, 0x38, 0x00, 0x09, 0x00, 0x54, 0xd0, 0x25, 0x00, 0x6e, 0x10, 0x37, 0x00, 0x00, 0x00, 
0x0c, 0x00, 0x28, 0x02, 0x12, 0x00, 0x07, 0x07, 0x52, 0xd8, 0x40, 0x00, 0x52, 0xd9, 0x3e, 0x00, 
0x52, 0xda, 0x3f, 0x00, 0x54, 0xdb, 0x54, 0x00, 0x54, 0xdc, 0x53, 0x00, 0x74, 0x0a, 0xa4, 0x00, 
0x03, 0x00, 0x54, 0xd0, 0x25, 0x00, 0x38, 0x00, 0x09, 0x00, 0x54, 0xd0, 0x25, 0x00, 0x6e, 0x10, 
0x32, 0x00, 0x00, 0x00, 0x0a, 0x00, 0x28, 0x02, 0x12, 0x00, 0x55, 0xd3, 0x2e, 0x00, 0x1a, 0x04, 
0x01, 0x00, 0x38, 0x03, 0x16, 0x00, 0x52, 0xd3, 0x27, 0x00, 0x12, 0x25, 0x32, 0x53, 0x11, 0x00, 
0x52, 0xd3, 0x27, 0x00, 0x12, 0x35, 0x32, 0x53, 0x0c, 0x00, 0x54, 0xd3, 0x50, 0x00, 0x54, 0xd5, 
0x39, 0x00, 0x54, 0xd6, 0x38, 0x00, 0x6e, 0x40, 0xaf, 0x00, 0x53, 0x06, 0x28, 0x2a, 0x54, 0xd3, 
0x50, 0x00, 0x54, 0xd5, 0x38, 0x00, 0x6e, 0x10, 0xd8, 0x00, 0x05, 0x00, 0x0a, 0x05, 0x54, 0xd6, 
0x39, 0x00, 0x38, 0x05, 0x03, 0x00, 0x28, 0x18, 0x54, 0xd5, 0x38, 0x00, 0x22, 0x07, 0x43, 0x00, 
0x70, 0x10, 0xde, 0x00, 0x07, 0x00, 0x6e, 0x20, 0xe4, 0x00, 0x67, 0x00, 0x0c, 0x06, 0x6e, 0x20, 
0xe4, 0x00, 0x46, 0x00, 0x0c, 0x06, 0x6e, 0x20, 0xe4, 0x00, 0x56, 0x00, 0x0c, 0x05, 0x6e, 0x10, 
0xe7, 0x00, 0x05, 0x00, 0x0c, 0x06, 0x1a, 0x05, 0x00, 0x00, 0x6e, 0x40, 0xaf, 0x00, 0x63, 0x05, 
0x54, 0xd3, 0x50, 0x00, 0x54, 0xd5, 0x39, 0x00, 0x54, 0xd6, 0x38, 0x00, 0x22, 0x07, 0x43, 0x00, 
0x70, 0x10, 0xde, 0x00, 0x07, 0x00, 0x6e, 0x20, 0xe4, 0x00, 0x57, 0x00, 0x0c, 0x05, 0x6e, 0x20, 
0xe4, 0x00, 0x45, 0x00, 0x0c, 0x04, 0x6e, 0x20, 0xe4, 0x00, 0x64, 0x00, 0x0c, 0x04, 0x6e, 0x10, 
0xe7, 0x00, 0x04, 0x00, 0x0c, 0x04, 0x6e, 0x20, 0xb0, 0x00, 0x43, 0x00, 0x71, 0x00, 0x23, 0x00, 
0x00, 0x00, 0x0b, 0x03, 0x53, 0xd5, 0x37, 0x00, 0x9c, 0x05, 0x03, 0x05, 0x16, 0x07, 0x88, 0x13, 
0x31, 0x09, 0x05, 0x07, 0x3d, 0x09, 0x60, 0x00, 0x5a, 0xd3, 0x37, 0x00, 0x54, 0xd3, 0x39, 0x00, 
0x54, 0xd4, 0x38, 0x00, 0x53, 0xd5, 0x2d, 0x00, 0x8b, 0x55, 0x52, 0xd7, 0x52, 0x00, 0x1a, 0x08, 
0x43, 0x00, 0x71, 0x10, 0xc9, 0x00, 0x00, 0x00, 0x0c, 0x00, 0x12, 0x19, 0x23, 0x99, 0x5c, 0x00, 
0x4d, 0x00, 0x09, 0x02, 0x71, 0x20, 0xd6, 0x00, 0x98, 0x00, 0x0c, 0x00, 0x22, 0x02, 0x43, 0x00, 
0x70, 0x10, 0xde, 0x00, 0x02, 0x00, 0x1a, 0x08, 0x67, 0x00, 0x6e, 0x20, 0xe4, 0x00, 0x82, 0x00, 
0x0c, 0x02, 0x6e, 0x20, 0xe4, 0x00, 0x32, 0x00, 0x0c, 0x02, 0x1a, 0x03, 0x03, 0x00, 0x6e, 0x20, 
0xe4, 0x00, 0x32, 0x00, 0x0c, 0x02, 0x6e, 0x20, 0xe4, 0x00, 0x42, 0x00, 0x0c, 0x02, 0x1a, 0x03, 
0x02, 0x00, 0x6e, 0x20, 0xe4, 0x00, 0x32, 0x00, 0x0c, 0x02, 0x6e, 0x30, 0xe3, 0x00, 0x52, 0x06, 
0x0c, 0x02, 0x1a, 0x03, 0x07, 0x00, 0x6e, 0x20, 0xe4, 0x00, 0x32, 0x00, 0x0c, 0x02, 0x6e, 0x20, 
0xe2, 0x00, 0x72, 0x00, 0x0c, 0x02, 0x1a, 0x03, 0x08, 0x00, 0x6e, 0x20, 0xe4, 0x00, 0x32, 0x00, 
0x0c, 0x02, 0x6e, 0x20, 0xe4, 0x00, 0x02, 0x00, 0x0c, 0x00, 0x1a, 0x02, 0x12, 0x00, 0x6e, 0x20, 
0xe4, 0x00, 0x20, 0x00, 0x0c, 0x00, 0x6e, 0x10, 0xe7, 0x00, 0x00, 0x00, 0x0c, 0x00, 0x71, 0x20, 
0x24, 0x00, 0x01, 0x00, 0x28, 0x20, 0x70, 0x10, 0x8b, 0x00, 0x0d, 0x00, 0x0e, 0x00, 0x0d, 0x00, 
0x71, 0x10, 0xdd, 0x00, 0x00, 0x00, 0x0c, 0x00, 0x22, 0x02, 0x43, 0x00, 0x70, 0x10, 0xde, 0x00, 
0x02, 0x00, 0x1a, 0x03, 0xe4, 0x00, 0x6e, 0x20, 0xe4, 0x00, 0x32, 0x00, 0x0c, 0x02, 0x6e, 0x20, 
0xe4, 0x00, 0x02, 0x00, 0x0c, 0x00, 0x6e, 0x10, 0xe7, 0x00, 0x00, 0x00, 0x0c, 0x00, 0x71, 0x20, 
0x27, 0x00, 0x01, 0x00, 0x0e, 0x00, 0x00, 0x00, 0x02, 0x00, 0x00, 0x00, 0x7b, 0x00, 0x01, 0x00, 
0x81, 0x00, 0x00, 0x00, 0x1c, 0x00, 0x01, 0x00, 0xa2, 0x00, 0x00, 0x00, 0xaa, 0x00, 0x01, 0x00, 
0x01, 0x00, 0xcd, 0x02, 0x05, 0x00, 0x01, 0x00, 0x04, 0x00, 0x02, 0x00, 0x06, 0x54, 0x00, 0x00, 
0x46, 0x00, 0x00, 0x00, 0x22, 0x00, 0x08, 0x00, 0x70, 0x10, 0x09, 0x00, 0x00, 0x00, 0x1a, 0x01, 
0x16, 0x01, 0x6e, 0x20, 0x0a, 0x00, 0x10, 0x00, 0x1a, 0x01, 0x19, 0x01, 0x6e, 0x20, 0x0a, 0x00, 
0x10, 0x00, 0x1a, 0x01, 0x18, 0x01, 0x6e, 0x20, 0x0a, 0x00, 0x10, 0x00, 0x1a, 0x01, 0x1a, 0x01, 
0x6e, 0x20, 0x0a, 0x00, 0x10, 0x00, 0x1a, 0x01, 0x17, 0x01, 0x6e, 0x20, 0x0a, 0x00, 0x10, 0x00, 
0x00, 0x00, 0x60, 0x01, 0x03, 0x00, 0x54, 0x42, 0x28, 0x00, 0x13, 0x03, 0x21, 0x00, 0x34, 0x31, 
0x0a, 0x00, 0x54, 0x41, 0x44, 0x00, 0x12, 0x43, 0x6e, 0x40, 0x05, 0x00, 0x12, 0x30, 0x0c, 0x00, 
0x28, 0x07, 0x54, 0x41, 0x44, 0x00, 0x6e, 0x30, 0x04, 0x00, 0x12, 0x00, 0x0c, 0x00, 0x28, 0x0a, 
0x0d, 0x00, 0x1a, 0x01, 0x4e, 0x00, 0x1a, 0x02, 0xff, 0x01, 0x71, 0x30, 0x25, 0x00, 0x21, 0x00, 
0x12, 0x00, 0x38, 0x00, 0x06, 0x00, 0x12, 0x11, 0x70, 0x30, 0x83, 0x00, 0x04, 0x01, 0x0e, 0x00, 
0x1f, 0x00, 0x00, 0x00, 0x02, 0x00, 0x01, 0x00, 0x27, 0x00, 0x00, 0x00, 0x0e, 0x00, 0x01, 0x00, 
0x01, 0x00, 0x36, 0x00, 0x03, 0x00, 0x01, 0x00, 0x02, 0x00, 0x00, 0x00, 0x1c, 0x54, 0x00, 0x00, 
0x08, 0x00, 0x00, 0x00, 0x54, 0x20, 0x48, 0x00, 0x54, 0x21, 0x2c, 0x00, 0x6e, 0x20, 0xa1, 0x00, 
0x10, 0x00, 0x0e, 0x00, 0x05, 0x00, 0x01, 0x00, 0x04, 0x00, 0x00, 0x00, 0x22, 0x54, 0x00, 0x00, 
0x31, 0x00, 0x00, 0x00, 0x55, 0x40, 0x20, 0x00, 0x38, 0x00, 0x03, 0x00, 0x0e, 0x00, 0x54, 0x40, 
0x50, 0x00, 0x38, 0x00, 0x0b, 0x00, 0x54, 0x40, 0x50, 0x00, 0x6e, 0x10, 0xa9, 0x00, 0x00, 0x00, 
0x0a, 0x00, 0x38, 0x00, 0x03, 0x00, 0x0e, 0x00, 0x12, 0x10, 0x5c, 0x40, 0x20, 0x00, 0x52, 0x40, 
0x22, 0x00, 0x13, 0x01, 0x08, 0x00, 0x35, 0x10, 0x0e, 0x00, 0x16, 0x00, 0x78, 0x00, 0x52, 0x42, 
0x22, 0x00, 0xc3, 0x20, 0x16, 0x02, 0xc4, 0x09, 0x71, 0x40, 0xcf, 0x00, 0x32, 0x10, 0x0b, 0x00, 
0x28, 0x03, 0x16, 0x00, 0x88, 0x13, 0x54, 0x42, 0x3c, 0x00, 0x54, 0x43, 0x21, 0x00, 0x6e, 0x40, 
0x1b, 0x00, 0x32, 0x10, 0x0e, 0x00, 0x00, 0x00, 0x05, 0x00, 0x01, 0x00, 0x04, 0x00, 0x00, 0x00, 
0x30, 0x54, 0x00, 0x00, 0x33, 0x00, 0x00, 0x00, 0x55, 0x40, 0x4b, 0x00, 0x38, 0x00, 0x2d, 0x00, 
0x55, 0x40, 0x2f, 0x00, 0x38, 0x00, 0x29, 0x00, 0x52, 0x40, 0x42, 0x00, 0x38, 0x00, 0x03, 0x00, 
0x28, 0x23, 0x12, 0x10, 0x5c, 0x40, 0x49, 0x00, 0x54, 0x40, 0x3c, 0x00, 0x54, 0x41, 0x47, 0x00, 
0x6e, 0x20, 0x1c, 0x00, 0x10, 0x00, 0x52, 0x40, 0x45, 0x00, 0x3d, 0x00, 0x05, 0x00, 0x52, 0x40, 
0x45, 0x00, 0x28, 0x03, 0x13, 0x00, 0xe8, 0x03, 0x13, 0x01, 0xfa, 0x00, 0x71, 0x20, 0xcd, 0x00, 
0x01, 0x00, 0x0a, 0x00, 0x81, 0x00, 0x54, 0x42, 0x3c, 0x00, 0x54, 0x43, 0x47, 0x00, 0x6e, 0x40, 
0x1b, 0x00, 0x32, 0x10, 0x0e, 0x00, 0x12, 0x00, 0x5c, 0x40, 0x49, 0x00, 0x0e, 0x00, 0x00, 0x00, 
0x08, 0x00, 0x01, 0x00, 0x02, 0x00, 0x00, 0x00, 0x3e, 0x54, 0x00, 0x00, 0x82, 0x00, 0x00, 0x00, 
0x70, 0x10, 0x81, 0x00, 0x07, 0x00, 0x70, 0x10, 0x85, 0x00, 0x07, 0x00, 0x54, 0x70, 0x28, 0x00, 
0x1a, 0x01, 0xf3, 0x01, 0x6e, 0x20, 0x03, 0x00, 0x10, 0x00, 0x0c, 0x00, 0x1f, 0x00, 0x13, 0x00, 
0x38, 0x00, 0x08, 0x00, 0x6e, 0x10, 0x22, 0x00, 0x00, 0x00, 0x0a, 0x00, 0x5c, 0x70, 0x4b, 0x00, 
0x70, 0x10, 0x8f, 0x00, 0x07, 0x00, 0x70, 0x10, 0x88, 0x00, 0x07, 0x00, 0x70, 0x10, 0x7d, 0x00, 
0x07, 0x00, 0x54, 0x70, 0x50, 0x00, 0x39, 0x00, 0x05, 0x00, 0x70, 0x10, 0x8b, 0x00, 0x07, 0x00, 
0x55, 0x70, 0x4b, 0x00, 0x38, 0x00, 0x0d, 0x00, 0x55, 0x70, 0x2f, 0x00, 0x38, 0x00, 0x09, 0x00, 
0x52, 0x70, 0x42, 0x00, 0x39, 0x00, 0x05, 0x00, 0x70, 0x10, 0x90, 0x00, 0x07, 0x00, 0x55, 0x70, 
0x2f, 0x00, 0x55, 0x71, 0x2e, 0x00, 0x52, 0x72, 0x27, 0x00, 0x52, 0x73, 0x45, 0x00, 0x52, 0x74, 
0x42, 0x00, 0x22, 0x05, 0x43, 0x00, 0x70, 0x10, 0xde, 0x00, 0x05, 0x00, 0x1a, 0x06, 0x4f, 0x00, 
0x6e, 0x20, 0xe4, 0x00, 0x65, 0x00, 0x0c, 0x05, 0x6e, 0x20, 0xe5, 0x00, 0x05, 0x00, 0x0c, 0x00, 
0x1a, 0x05, 0x04, 0x00, 0x6e, 0x20, 0xe4, 0x00, 0x50, 0x00, 0x0c, 0x00, 0x6e, 0x20, 0xe5, 0x00, 
0x10, 0x00, 0x0c, 0x00, 0x1a, 0x01, 0x09, 0x00, 0x6e, 0x20, 0xe4, 0x00, 0x10, 0x00, 0x0c, 0x00, 
0x6e, 0x20, 0xe2, 0x00, 0x20, 0x00, 0x0c, 0x00, 0x1a, 0x01, 0x06, 0x00, 0x6e, 0x20, 0xe4, 0x00, 
0x10, 0x00, 0x0c, 0x00, 0x6e, 0x20, 0xe2, 0x00, 0x30, 0x00, 0x0c, 0x00, 0x1a, 0x01, 0x0c, 0x00, 
0x6e, 0x20, 0xe4, 0x00, 0x10, 0x00, 0x0c, 0x00, 0x6e, 0x20, 0xe2, 0x00, 0x40, 0x00, 0x0c, 0x00, 
0x6e, 0x10, 0xe7, 0x00, 0x00, 0x00, 0x0c, 0x00, 0x1a, 0x01, 0x4e, 0x00, 0x71, 0x20, 0x26, 0x00, 
0x01, 0x00, 0x0e, 0x00, 0x04, 0x00, 0x01, 0x00, 0x04, 0x00, 0x01, 0x00, 0x52, 0x54, 0x00, 0x00, 
0x41, 0x00, 0x00, 0x00, 0x22, 0x00, 0x36, 0x00, 0x1a, 0x01, 0x3c, 0x00, 0x70, 0x20, 0xb6, 0x00, 
0x10, 0x00, 0x6e, 0x10, 0xb8, 0x00, 0x00, 0x00, 0x0a, 0x01, 0x39, 0x01, 0x03, 0x00, 0x0e, 0x00, 
0x22, 0x01, 0x21, 0x00, 0x13, 0x02, 0x88, 0x03, 0x70, 0x40, 0x3d, 0x00, 0x31, 0x20, 0x5b, 0x31, 
0x26, 0x00, 0x54, 0x30, 0x26, 0x00, 0x6e, 0x10, 0x18, 0x00, 0x00, 0x00, 0x12, 0x10, 0x5c, 0x30, 
0x3d, 0x00, 0x28, 0x21, 0x0d, 0x00, 0x12, 0x01, 0x5c, 0x31, 0x3d, 0x00, 0x71, 0x10, 0xdd, 0x00, 
0x00, 0x00, 0x0c, 0x00, 0x22, 0x01, 0x43, 0x00, 0x70, 0x10, 0xde, 0x00, 0x01, 0x00, 0x1a, 0x02, 
0x73, 0x01, 0x6e, 0x20, 0xe4, 0x00, 0x21, 0x00, 0x0c, 0x01, 0x6e, 0x20, 0xe4, 0x00, 0x01, 0x00, 
0x0c, 0x00, 0x6e, 0x10, 0xe7, 0x00, 0x00, 0x00, 0x0c, 0x00, 0x1a, 0x01, 0x4e, 0x00, 0x71, 0x20, 
0x27, 0x00, 0x01, 0x00, 0x0e, 0x00, 0x00, 0x00, 0x00, 0x00, 0x00, 0x00, 0x1f, 0x00, 0x01, 0x00, 
0x01, 0x00, 0x20, 0x00, 0x03, 0x00, 0x01, 0x00, 0x02, 0x00, 0x00, 0x00, 0x65, 0x54, 0x00, 0x00, 
0x1f, 0x00, 0x00, 0x00, 0x55, 0x20, 0x4b, 0x00, 0x38, 0x00, 0x1c, 0x00, 0x55, 0x20, 0x2f, 0x00, 
0x38, 0x00, 0x18, 0x00, 0x52, 0x20, 0x42, 0x00, 0x38, 0x00, 0x03, 0x00, 0x28, 0x12, 0x12, 0x10, 
0x5c, 0x20, 0x49, 0x00, 0x54, 0x20, 0x3c, 0x00, 0x54, 0x21, 0x47, 0x00, 0x6e, 0x20, 0x1c, 0x00, 
0x10, 0x00, 0x70, 0x10, 0x89, 0x00, 0x02, 0x00, 0x70, 0x10, 0x8d, 0x00, 0x02, 0x00, 0x0e, 0x00, 
0x0e, 0x00, 0x00, 0x00, 0x03, 0x00, 0x01, 0x00, 0x02, 0x00, 0x00, 0x00, 0x72, 0x54, 0x00, 0x00, 
0x10, 0x00, 0x00, 0x00, 0x12, 0x00, 0x5c, 0x20, 0x49, 0x00, 0x54, 0x20, 0x3c, 0x00, 0x54, 0x21, 
0x47, 0x00, 0x6e, 0x20, 0x1c, 0x00, 0x10, 0x00, 0x54, 0x20, 0x48, 0x00, 0x6e, 0x10, 0x9e, 0x00, 
0x00, 0x00, 0x0e, 0x00, 0x0f, 0x00, 0x03, 0x00, 0x02, 0x00, 0x00, 0x00, 0x7a, 0x54, 0x00, 0x00, 
0x7f, 0x00, 0x00, 0x00, 0x71, 0x00, 0x23, 0x00, 0x00, 0x00, 0x0b, 0x00, 0x55, 0xc2, 0x32, 0x00, 
0x12, 0x13, 0x38, 0x02, 0x6e, 0x00, 0x38, 0x0e, 0x03, 0x00, 0x28, 0x6a, 0x55, 0xce, 0x29, 0x00, 
0x38, 0x0e, 0x0b, 0x00, 0x12, 0x0e, 0x5c, 0xce, 0x29, 0x00, 0x81, 0xdd, 0x5a, 0xcd, 0x2b, 0x00, 
0x5a, 0xc0, 0x2a, 0x00, 0x0e, 0x00, 0x53, 0xc4, 0x2a, 0x00, 0x9c, 0x04, 0x00, 0x04, 0x81, 0xdd, 
0x53, 0xc6, 0x2b, 0x00, 0x9c, 0x06, 0x0d, 0x06, 0x71, 0x20, 0xcb, 0x00, 0x76, 0x00, 0x0b, 0x08, 
0x16, 0x0a, 0x64, 0x00, 0x31, 0x02, 0x08, 0x0a, 0x3a, 0x02, 0x4a, 0x00, 0x16, 0x08, 0xb8, 0x0b, 
0x31, 0x02, 0x04, 0x08, 0x3b, 0x02, 0x03, 0x00, 0x28, 0x42, 0x71, 0x20, 0xcb, 0x00, 0x76, 0x00, 
0x0b, 0x06, 0x86, 0x66, 0x18, 0x08, 0x00, 0x00, 0x00, 0x00, 0x00, 0x20, 0xac, 0x40, 0x71, 0x20, 
0xc7, 0x00, 0x76, 0x00, 0xad, 0x06, 0x06, 0x08, 0x86, 0x44, 0x71, 0x20, 0xc7, 0x00, 0x54, 0x00, 
0xce, 0x46, 0x19, 0x04, 0xf0, 0x3f, 0x2f, 0x02, 0x06, 0x04, 0x3a, 0x02, 0x24, 0x00, 0x18, 0x04, 
0x00, 0x00, 0x00, 0x00, 0x00, 0x88, 0xd3, 0x40, 0x30, 0x02, 0x06, 0x04, 0x3b, 0x02, 0x1b, 0x00, 
0x55, 0xc2, 0x33, 0x00, 0x38, 0x02, 0x13, 0x00, 0x53, 0xc4, 0x2d, 0x00, 0x18, 0x08, 0x66, 0x66, 
0x66, 0x66, 0x66, 0x66, 0xd6, 0x3f, 0xad, 0x04, 0x04, 0x08, 0x18, 0x08, 0xcd, 0xcc, 0xcc, 0xcc, 
0xcc, 0xcc, 0xe4, 0x3f, 0xad, 0x06, 0x06, 0x08, 0xcb, 0x46, 0x5a, 0xc6, 0x2d, 0x00, 0x5c, 0xc3, 
0x33, 0x00, 0x5a, 0xcd, 0x2b, 0x00, 0x5a, 0xc0, 0x2a, 0x00, 0x0e, 0x00, 0x0e, 0x00, 0x81, 0xd4, 
0x5a, 0xc4, 0x2b, 0x00, 0x5a, 0xc0, 0x2a, 0x00, 0x5c, 0xc3, 0x32, 0x00, 0x5c, 0xce, 0x29, 0x00, 
0x0e, 0x00, 0x00, 0x02, 0x00, 0x00, 0x0e, 0x00, 0xcf, 0x01, 0x03, 0x00, 0x00, 0x00, 0x0e, 0x00, 
0xd2, 0x01, 0x02, 0x00, 0x00, 0x0e, 0x01, 0x12, 0x0f, 0xf0, 0xf1, 0x00, 0xe0, 0x01, 0x01, 0x00, 
0x0e, 0x00, 0xe3, 0x01, 0x00, 0x0e, 0xb9, 0x02, 0x7a, 0x2c, 0x3c, 0x3c, 0x5a, 0x5a, 0x1f, 0x3c, 
0x5a, 0x69, 0x5a, 0x01, 0x18, 0x0f, 0x6a, 0x5b, 0x5a, 0x00, 0xf3, 0x02, 0x01, 0x00, 0x0e, 0x00, 
0xf6, 0x02, 0x02, 0x00, 0x00, 0x0e, 0x2d, 0x1f, 0x4b, 0x2d, 0x20, 0x02, 0x13, 0x01, 0x42, 0x0e, 
0x5a, 0x01, 0x15, 0x13, 0x5a, 0x5b, 0x02, 0x79, 0x1d, 0x69, 0x5a, 0x02, 0x78, 0x68, 0x5a, 0x5a, 
0x02, 0x75, 0x1d, 0x5a, 0x5a, 0x5a, 0xff, 0x5b, 0x5a, 0x02, 0x75, 0x1d, 0x5a, 0x02, 0x1f, 0x1d, 
0x1b, 0x1e, 0x01, 0x1c, 0x10, 0x00, 0xe5, 0x03, 0x01, 0x00, 0x0e, 0x00, 0xe8, 0x03, 0x02, 0x00, 
0x00, 0x0e, 0x01, 0x11, 0x11, 0x01, 0x12, 0x0f, 0x5a, 0x5a, 0x69, 0x6a, 0xa5, 0x01, 0x11, 0x0f, 
0x7a, 0x02, 0x73, 0x1d, 0x00, 0xb6, 0x04, 0x02, 0x00, 0x00, 0x0e, 0x00, 0xb9, 0x04, 0x02, 0x00, 
0x00, 0x0e, 0x2d, 0x78, 0x88, 0xb9, 0x02, 0x7a, 0x2c, 0x2d, 0x78, 0x96, 0x01, 0x1d, 0x11, 0x5a, 
0x01, 0x15, 0x10, 0x79, 0x78, 0x00, 0xfd, 0x03, 0x01, 0x00, 0x0e, 0x00, 0x80, 0x04, 0x00, 0x0e, 
0x01, 0x19, 0x12, 0x01, 0x15, 0x13, 0xff, 0x5a, 0x5a, 0x20, 0x5a, 0x5a, 0x02, 0x74, 0x1d, 0x5a, 
0x5a, 0x02, 0x7a, 0x1d, 0x69, 0x00, 0xb2, 0x04, 0x01, 0x00, 0x0e, 0x00, 0xb5, 0x04, 0x01, 0x00, 
0x0e, 0x69, 0x69, 0x01, 0x18, 0x0f, 0x5b, 0x5a, 0x00, 0xbf, 0x04, 0x01, 0x00, 0x0e, 0x69, 0x5a, 
0x69, 0x5a, 0x00, 0xc6, 0x04, 0x01, 0x00, 0x0e, 0x00, 0xc9, 0x04, 0x00, 0x0e, 0x69, 0x01, 0x14, 
0x0f, 0x1f, 0x6f, 0x02, 0x79, 0x2c, 0x2d, 0x3c, 0x01, 0x18, 0x0f, 0x5b, 0x1f, 0x96, 0x5a, 0x00, 
0x00, 0x03, 0x00, 0x00, 0x00, 0x0e, 0x00, 0x00, 0x01, 0x00, 0x0e, 0x00, 0x39, 0x03, 0x00, 0x00, 
0x00, 0x0e, 0x00, 0x3c, 0x00, 0x0e, 0x01, 0x10, 0x12, 0x28, 0x3c, 0x5a, 0x1f, 0x5a, 0xb4, 0x00, 
0x2f, 0x03, 0x00, 0x00, 0x00, 0x0e, 0x00, 0x32, 0x00, 0x0e, 0xf0, 0x5a, 0x1f, 0x69, 0x78, 0x01, 
0x13, 0x0f, 0x02, 0x0b, 0xe0, 0x00, 0x51, 0x00, 0x0e, 0x4b, 0x3e, 0xb4, 0x5a, 0xd2, 0x3c, 0x1e, 
0x3c, 0x2d, 0x00, 0x61, 0x01, 0x00, 0x0e, 0x78, 0x4b, 0x4b, 0x2d, 0x02, 0x18, 0x1d, 0x02, 0x68, 
0x3b, 0x1f, 0x1e, 0x1e, 0x1e, 0x87, 0x3c, 0x5a, 0x2d, 0x87, 0x87, 0x2d, 0xf4, 0x24, 0x02, 0x79, 
0x3b, 0x19, 0x2d, 0x02, 0x77, 0x1d, 0x02, 0x0f, 0x3b, 0x2d, 0x20, 0x38, 0x1f, 0x3c, 0x3a, 0x02, 
0x65, 0x1d, 0x02, 0x1c, 0xa4, 0x1e, 0x00, 0x15, 0x00, 0x0e, 0x02, 0x0c, 0x3b, 0xb4, 0x00, 0x49, 
0x00, 0x0e, 0x5a, 0x3c, 0x4b, 0x6a, 0x00, 0x29, 0x01, 0x00, 0x0e, 0x4b, 0x7a, 0x3c, 0x69, 0x02, 
0x17, 0x86, 0x02, 0x65, 0x1d, 0x00, 0xec, 0x01, 0x02, 0x00, 0x00, 0x0e, 0x1e, 0x2d, 0x4c, 0x2d, 
0x1f, 0x87, 0x3e, 0x69, 0x88, 0x5b, 0x2d, 0x2d, 0x00, 0x83, 0x02, 0x00, 0x0e, 0x4b, 0x3c, 0x01, 
0x11, 0x13, 0x5b, 0x5a, 0x69, 0x69, 0x5c, 0x1c, 0x02, 0x79, 0x1d, 0x02, 0x0b, 0x3b, 0x00, 0xe7, 
0x01, 0x00, 0x0e, 0x00, 0x45, 0x01, 0x00, 0x0e, 0x02, 0x65, 0x3b, 0x99, 0x4b, 0x2d, 0x4b, 0x4b, 
0x3c, 0x3f, 0x4b, 0x2d, 0x2d, 0x52, 0x30, 0x5a, 0x4b, 0xc3, 0x78, 0x00, 0x58, 0x09, 0x00, 0x00, 
0x00, 0x00, 0x00, 0x00, 0x00, 0x00, 0x00, 0x0e, 0x4b, 0xd2, 0xc3, 0x69, 0x79, 0x1e, 0x5a, 0x2d, 
0x5a, 0x29, 0x22, 0x69, 0x2d, 0x2d, 0x85, 0x88, 0x1f, 0x4b, 0x2d, 0x1f, 0x69, 0x2d, 0x1f, 0x69, 
0x2d, 0x1f, 0x69, 0x2d, 0x1f, 0x87, 0x2d, 0x1f, 0x87, 0x2d, 0x20, 0x2d, 0x2d, 0x3d, 0x4b, 0x2d, 
0x3d, 0x00, 0xde, 0x01, 0x01, 0x00, 0x0e, 0x3c, 0x2d, 0xa5, 0xc3, 0xa6, 0x00, 0xb8, 0x01, 0x02, 
0x00, 0x00, 0x0e, 0x4b, 0x3c, 0x3d, 0x78, 0x00, 0xc0, 0x01, 0x00, 0x0e, 0x69, 0xc3, 0x01, 0x15, 
0x0f, 0x01, 0x13, 0x10, 0x01, 0x11, 0x0f, 0x01, 0x15, 0x10, 0x69, 0xc3, 0x69, 0x5b, 0xc5, 0x5a, 
0x4b, 0x87, 0x5a, 0xe2, 0xb4, 0x87, 0x4c, 0x00, 0x92, 0x01, 0x03, 0x00, 0x00, 0x00, 0x0e, 0x5a, 
0x79, 0x1e, 0x1e, 0x96, 0x2d, 0x1e, 0x38, 0x31, 0x87, 0x2d, 0x1e, 0x2e, 0x69, 0x2d, 0x2d, 0x5a, 
0x20, 0x3c, 0x2d, 0x2d, 0x2d, 0x3c, 0x87, 0x3c, 0x20, 0x3d, 0x00, 0xb5, 0x05, 0x01, 0x00, 0x0e, 
0x69, 0x00, 0xba, 0x05, 0x03, 0x00, 0x00, 0x00, 0x0e, 0x01, 0x11, 0x11, 0x4b, 0x3c, 0x4b, 0x69, 
0x1f, 0x4b, 0x3d, 0x87, 0xff, 0x20, 0x1c, 0x21, 0x4b, 0x2d, 0x4b, 0x3c, 0xa5, 0x2d, 0x1a, 0x42, 
0x02, 0x63, 0x1d, 0x00, 0xc6, 0x06, 0x00, 0x0e, 0xc5, 0x75, 0x00, 0xdc, 0x05, 0x01, 0x00, 0x0e, 
0x3c, 0x1f, 0x87, 0x4b, 0x89, 0xb1, 0x00, 0xe8, 0x04, 0x00, 0x0e, 0x69, 0x6a, 0x2e, 0x69, 0xa5, 
0x87, 0x5d, 0x1a, 0x1e, 0x01, 0x1c, 0x0f, 0x3d, 0x00, 0xf9, 0x04, 0x00, 0x0e, 0xf0, 0x1f, 0x78, 
0x20, 0x96, 0x2d, 0x1f, 0x69, 0x4b, 0x1f, 0x2d, 0x96, 0xe1, 0x4b, 0x5b, 0x1e, 0x78, 0xa5, 0x2d, 
0x1f, 0x4b, 0x4b, 0x02, 0x79, 0x1d, 0x44, 0x2d, 0x6a, 0x4b, 0x3d, 0x96, 0x6b, 0x4b, 0x4b, 0x96, 
0x01, 0x17, 0x10, 0x2d, 0x2d, 0x5a, 0x2d, 0x3c, 0x21, 0x1b, 0x1e, 0x01, 0x1a, 0x10, 0x00, 0xaa, 
0x02, 0x01, 0x00, 0x0e, 0x3c, 0x1f, 0xa5, 0x01, 0x19, 0x11, 0x01, 0x11, 0x12, 0x1a, 0x29, 0x00, 
0x90, 0x07, 0x03, 0x00, 0x00, 0x00, 0x0e, 0x4b, 0x01, 0x15, 0x10, 0x87, 0xc3, 0x97, 0x96, 0xb4, 
0x87, 0x96, 0x87, 0x3d, 0x00, 0xe0, 0x06, 0x00, 0x0e, 0x69, 0x30, 0x28, 0x2d, 0x5a, 0x79, 0x96, 
0x78, 0x00, 0xcd, 0x06, 0x01, 0x00, 0x0e, 0x69, 0x69, 0x78, 0x00, 0xd4, 0x06, 0x01, 0x00, 0x0e, 
0x69, 0x31, 0x02, 0x7b, 0x2c, 0x2d, 0x5a, 0x78, 0x79, 0x4b, 0x78, 0x00, 0xa9, 0x07, 0x01, 0x00, 
0x0e, 0x4b, 0x01, 0x10, 0x11, 0x5a, 0x3c, 0x2d, 0x2d, 0x69, 0x2d, 0x1f, 0x1e, 0x1e, 0x96, 0x3a, 
0x02, 0x76, 0x1d, 0x02, 0x0b, 0xa4, 0x1e, 0x02, 0x72, 0x1d, 0x00, 0x4a, 0x00, 0x0e, 0x1e, 0x85, 
0x00, 0xa8, 0x01, 0x01, 0x00, 0x0e, 0x02, 0xb6, 0x7f, 0x3b, 0xb4, 0x7b, 0x3c, 0x36, 0x2d, 0x2d, 
0x2d, 0x4b, 0x4b, 0x4b, 0x4d, 0x4c, 0x4b, 0x3d, 0x4b, 0x4e, 0x4b, 0x4b, 0x02, 0x10, 0x2c, 0x02, 
0xcd, 0x00, 0x95, 0x02, 0x93, 0x01, 0x77, 0x02, 0xf2, 0x00, 0x77, 0x02, 0x18, 0x77, 0x02, 0x34, 
0x77, 0x02, 0x15, 0x77, 0x02, 0xdd, 0x01, 0x77, 0x4b, 0x02, 0x85, 0x7b, 0x2c, 0x4b, 0x5a, 0x00, 
0xeb, 0x06, 0x03, 0x00, 0x00, 0x00, 0x0e, 0x69, 0x5a, 0x1f, 0x1e, 0x78, 0x2b, 0x3e, 0xa5, 0x5a, 
0x2d, 0x5a, 0x1e, 0x1e, 0x69, 0xb4, 0x2f, 0x00, 0xa7, 0x06, 0x00, 0x0e, 0x96, 0xc3, 0xa5, 0x2e, 
0x02, 0x13, 0x77, 0x69, 0x02, 0x7a, 0x77, 0x69, 0x69, 0x02, 0x7a, 0x1d, 0x69, 0x69, 0x02, 0x7a, 
0x1d, 0x69, 0x2d, 0x02, 0x7a, 0x1d, 0x69, 0x2d, 0x02, 0x13, 0x1d, 0x00, 0x9e, 0x06, 0x00, 0x0e, 
0xe1, 0x5b, 0x00, 0x98, 0x01, 0x01, 0x00, 0x0e, 0x69, 0x20, 0xd2, 0x5a, 0x1f, 0x5a, 0x2d, 0x3e, 
0x1b, 0x1e, 0x5b, 0x00, 0x84, 0x07, 0x00, 0x0e, 0x69, 0x2d, 0x4b, 0x01, 0x12, 0x0f, 0x5a, 0x2d, 
0x1f, 0x2d, 0x4b, 0x02, 0x12, 0x01, 0x11, 0x0e, 0x01, 0x11, 0x11, 0x1b, 0x1e, 0x01, 0x1c, 0x10, 
0x00, 0x87, 0x02, 0x00, 0x0e, 0xb4, 0x69, 0x1f, 0x69, 0x4b, 0xe3, 0x5a, 0x96, 0xc3, 0x87, 0xa5, 
0xa5, 0xa5, 0x96, 0x96, 0xa5, 0x96, 0x87, 0xa5, 0xb4, 0xb4, 0xe1, 0x2d, 0x01, 0x60, 0x13, 0x02, 
0x68, 0x1d, 0x02, 0x16, 0x1d, 0x1e, 0x5b, 0x00, 0xf7, 0x01, 0x00, 0x0e, 0x4b, 0x1f, 0x4b, 0xa5, 
0x1f, 0x2d, 0x78, 0xff, 0x79, 0x00, 0xa5, 0x03, 0x02, 0x00, 0x00, 0x0e, 0x3c, 0xa5, 0xa5, 0x87, 
0x2d, 0x2e, 0xa6, 0x4b, 0xc3, 0x2d, 0x01, 0x4f, 0x12, 0xd2, 0x89, 0x3d, 0xc3, 0x3e, 0xff, 0x3e, 
0x3c, 0x00, 0xb9, 0x02, 0x00, 0x0e, 0x01, 0x15, 0x0f, 0x01, 0x15, 0x10, 0x02, 0x13, 0x95, 0x2d, 
0x02, 0x7a, 0x3b, 0x2d, 0x2d, 0x02, 0x7a, 0x1d, 0x2d, 0x2d, 0x02, 0x7a, 0x1d, 0x2d, 0x2d, 0x02, 
0x7a, 0x1d, 0x2d, 0x2d, 0x02, 0x13, 0x1d, 0x4b, 0x01, 0x26, 0x0f, 0x2e, 0x00, 0xeb, 0x05, 0x00, 
0x0e, 0x69, 0x3c, 0x1f, 0xe4, 0xc3, 0x3c, 0x1f, 0xa5, 0x3c, 0x1f, 0x96, 0x5c, 0x3d, 0x4b, 0x2d, 
0x87, 0x01, 0x17, 0x0d, 0x40, 0xc3, 0xff, 0xa6, 0x87, 0x2b, 0x3c, 0x01, 0x19, 0x0d, 0x3e, 0x01, 
0x1e, 0x10, 0x4b, 0xa5, 0x2d, 0xb5, 0x01, 0x4e, 0x0c, 0x41, 0x02, 0x56, 0x1d, 0x3c, 0x02, 0x27, 
0x1d, 0x1e, 0x01, 0x1a, 0x10, 0x00, 0xdc, 0x02, 0x00, 0x0e, 0x5a, 0x5a, 0x5a, 0x5a, 0x5a, 0x5b, 
0x1f, 0x2f, 0x29, 0x4b, 0x88, 0x6c, 0x1b, 0x1e, 0x89, 0x2d, 0x4c, 0x00, 0xfa, 0x03, 0x00, 0x0e, 
0x78, 0x00, 0xda, 0x04, 0x00, 0x0e, 0x4b, 0x1f, 0xc3, 0x1f, 0x3c, 0x69, 0xc3, 0x2d, 0x78, 0x00, 
0x95, 0x04, 0x00, 0x0e, 0xd5, 0x3c, 0x78, 0xff, 0x78, 0x02, 0x79, 0x1d, 0x3c, 0x00, 0xae, 0x01, 
0x00, 0x0e, 0x3c, 0x3d, 0xa5, 0x2d, 0x6b, 0x3c, 0x3c, 0x3d, 0x4b, 0x3d, 0xc3, 0x3d, 0x01, 0x4a, 
0x11, 0x00, 0xc9, 0x01, 0x00, 0x0e, 0x78, 0x69, 0x1f, 0x02, 0x0b, 0x95, 0x5a, 0x3f, 0x1a, 0x1e, 
0x3c, 0x01, 0x1c, 0x10, 0x00, 0xa0, 0x04, 0x00, 0x0e, 0xd4, 0x3c, 0x78, 0x3c, 0x3c, 0x02, 0x7a, 
0x1d, 0x00, 0xaa, 0x04, 0x00, 0x0e, 0x3c, 0x78, 0x5a, 0x00, 0xc7, 0x03, 0x02, 0x00, 0x00, 0x0e, 
0x4b, 0x8d, 0x4b, 0x3c, 0x3c, 0x2d, 0x1f, 0x4b, 0x5a, 0x01, 0x11, 0x11, 0x01, 0x14, 0x0f, 0xf0, 
0x01, 0x17, 0x0f, 0x2e, 0x2d, 0x2d, 0x02, 0x77, 0x1d, 0x02, 0x71, 0x1d, 0x3c, 0x2d, 0x2d, 0x2d, 
0x00, 0x00, 0x00, 0x00, 0x01, 0x00, 0x00, 0x00, 0x46, 0x00, 0x00, 0x00, 0x01, 0x00, 0x00, 0x00, 
0x41, 0x00, 0x00, 0x00, 0x01, 0x00, 0x00, 0x00, 0x2d, 0x00, 0x00, 0x00, 0x01, 0x00, 0x00, 0x00, 
0x18, 0x00, 0x00, 0x00, 0x01, 0x00, 0x00, 0x00, 0x4c, 0x00, 0x00, 0x00, 0x01, 0x00, 0x00, 0x00, 
0x01, 0x00, 0x00, 0x00, 0x02, 0x00, 0x00, 0x00, 0x42, 0x00, 0x01, 0x00, 0x03, 0x00, 0x00, 0x00, 
0x03, 0x00, 0x02, 0x00, 0x15, 0x00, 0x00, 0x00, 0x01, 0x00, 0x00, 0x00, 0x42, 0x00, 0x00, 0x00, 
0x01, 0x00, 0x00, 0x00, 0x02, 0x00, 0x00, 0x00, 0x02, 0x00, 0x00, 0x00, 0x03, 0x00, 0x03, 0x00, 
0x01, 0x00, 0x00, 0x00, 0x19, 0x00, 0x00, 0x00, 0x01, 0x00, 0x00, 0x00, 0x2a, 0x00, 0x00, 0x00, 
0x01, 0x00, 0x00, 0x00, 0x40, 0x00, 0x00, 0x00, 0x02, 0x00, 0x00, 0x00, 0x42, 0x00, 0x03, 0x00, 
0x02, 0x00, 0x00, 0x00, 0x42, 0x00, 0x42, 0x00, 0x03, 0x00, 0x00, 0x00, 0x42, 0x00, 0x42, 0x00, 
0x45, 0x00, 0x00, 0x00, 0x01, 0x00, 0x00, 0x00, 0x59, 0x00, 0x00, 0x00, 0x03, 0x00, 0x00, 0x00, 
0x59, 0x00, 0x03, 0x00, 0x03, 0x00, 0x00, 0x00, 0x01, 0x00, 0x00, 0x00, 0x04, 0x00, 0x00, 0x00, 
0x02, 0x00, 0x00, 0x00, 0x04, 0x00, 0x04, 0x00, 0x02, 0x00, 0x00, 0x00, 0x05, 0x00, 0x08, 0x00, 
0x03, 0x00, 0x00, 0x00, 0x05, 0x00, 0x08, 0x00, 0x03, 0x00, 0x00, 0x00, 0x01, 0x00, 0x00, 0x00, 
0x0d, 0x00, 0x00, 0x00, 0x02, 0x00, 0x00, 0x00, 0x0d, 0x00, 0x03, 0x00, 0x03, 0x00, 0x00, 0x00, 
0x0d, 0x00, 0x03, 0x00, 0x58, 0x00, 0x00, 0x00, 0x02, 0x00, 0x00, 0x00, 0x0d, 0x00, 0x58, 0x00, 
0x01, 0x00, 0x00, 0x00, 0x36, 0x00, 0x00, 0x00, 0x01, 0x00, 0x00, 0x00, 0x2e, 0x00, 0x00, 0x00, 
0x01, 0x00, 0x00, 0x00, 0x03, 0x00, 0x00, 0x00, 0x03, 0x00, 0x00, 0x00, 0x19, 0x00, 0x03, 0x00, 
0x5a, 0x00, 0x00, 0x00, 0x01, 0x00, 0x00, 0x00, 0x58, 0x00, 0x00, 0x00, 0x04, 0x00, 0x00, 0x00, 
0x2a, 0x00, 0x40, 0x00, 0x4d, 0x00, 0x5c, 0x00, 0x03, 0x00, 0x00, 0x00, 0x3b, 0x00, 0x5b, 0x00, 
0x4c, 0x00, 0x00, 0x00, 0x03, 0x00, 0x00, 0x00, 0x40, 0x00, 0x4d, 0x00, 0x5c, 0x00, 0x00, 0x00, 
0x02, 0x00, 0x00, 0x00, 0x40, 0x00, 0x5c, 0x00, 0x02, 0x00, 0x00, 0x00, 0x42, 0x00, 0x5c, 0x00, 
0x01, 0x00, 0x00, 0x00, 0x52, 0x00, 0x00, 0x00, 0x01, 0x00, 0x00, 0x00, 0x00, 0x00, 0x00, 0x00, 
0x02, 0x00, 0x00, 0x00, 0x42, 0x00, 0x5b, 0x00, 0x01, 0x00, 0x00, 0x00, 0x39, 0x00, 0x00, 0x00, 
0x02, 0x00, 0x00, 0x00, 0x01, 0x00, 0x58, 0x00, 0x02, 0x00, 0x00, 0x00, 0x03, 0x00, 0x42, 0x00, 
0x02, 0x00, 0x00, 0x00, 0x03, 0x00, 0x58, 0x00, 0x01, 0x00, 0x00, 0x00, 0x06, 0x00, 0x00, 0x00, 
0x02, 0x00, 0x00, 0x00, 0x06, 0x00, 0x07, 0x00, 0x02, 0x00, 0x00, 0x00, 0x07, 0x00, 0x58, 0x00, 
0x01, 0x00, 0x00, 0x00, 0x0a, 0x00, 0x00, 0x00, 0x01, 0x00, 0x00, 0x00, 0x12, 0x00, 0x00, 0x00, 
0x03, 0x00, 0x00, 0x00, 0x19, 0x00, 0x03, 0x00, 0x1a, 0x00, 0x00, 0x00, 0x02, 0x00, 0x00, 0x00, 
0x26, 0x00, 0x01, 0x00, 0x02, 0x00, 0x00, 0x00, 0x2a, 0x00, 0x01, 0x00, 0x02, 0x00, 0x00, 0x00, 
0x2a, 0x00, 0x03, 0x00, 0x03, 0x00, 0x00, 0x00, 0x2a, 0x00, 0x07, 0x00, 0x58, 0x00, 0x00, 0x00, 
0x02, 0x00, 0x00, 0x00, 0x2a, 0x00, 0x1e, 0x00, 0x02, 0x00, 0x00, 0x00, 0x2a, 0x00, 0x2f, 0x00, 
0x03, 0x00, 0x00, 0x00, 0x2a, 0x00, 0x36, 0x00, 0x03, 0x00, 0x00, 0x00, 0x02, 0x00, 0x00, 0x00, 
0x2a, 0x00, 0x58, 0x00, 0x03, 0x00, 0x00, 0x00, 0x2c, 0x00, 0x01, 0x00, 0x58, 0x00, 0x00, 0x00, 
0x03, 0x00, 0x00, 0x00, 0x2e, 0x00, 0x03, 0x00, 0x2d, 0x00, 0x00, 0x00, 0x02, 0x00, 0x00, 0x00, 
0x2e, 0x00, 0x58, 0x00, 0x02, 0x00, 0x00, 0x00, 0x36, 0x00, 0x03, 0x00, 0x04, 0x00, 0x00, 0x00, 
0x42, 0x00, 0x02, 0x00, 0x02, 0x00, 0x0c, 0x00, 0x03, 0x00, 0x00, 0x00, 0x42, 0x00, 0x42, 0x00, 
0x03, 0x00, 0x00, 0x00, 0x03, 0x00, 0x00, 0x00, 0x43, 0x00, 0x01, 0x00, 0x03, 0x00, 0x00, 0x00, 
0x02, 0x00, 0x00, 0x00, 0x45, 0x00, 0x45, 0x00, 0x09, 0x00, 0x00, 0x00, 0x58, 0x00, 0x02, 0x00, 
0x58, 0x00, 0x0d, 0x00, 0x02, 0x00, 0x02, 0x00, 0x02, 0x00, 0x42, 0x00, 0x42, 0x00, 0x00, 0x00, 
0x02, 0x00, 0x00, 0x00, 0x41, 0x00, 0x04, 0x00, 0x02, 0x00, 0x00, 0x00, 0x42, 0x00, 0x58, 0x00, 
0x00, 0x00, 0x01, 0x20, 0x00, 0x02, 0x20, 0x28, 0x00, 0x03, 0x20, 0x2f, 0x20, 0x00, 0x06, 0x20, 
0x64, 0x75, 0x61, 0x6c, 0x3d, 0x00, 0x06, 0x20, 0x66, 0x6f, 0x6e, 0x74, 0x3d, 0x00, 0x0a, 0x20, 
0x69, 0x6e, 0x74, 0x65, 0x72, 0x76, 0x61, 0x6c, 0x3d, 0x00, 0x05, 0x20, 0x6d, 0x41, 0x2c, 0x20, 
0x00, 0x0b, 0x20, 0x6d, 0x56, 0x2c, 0x20, 0x63, 0x6f, 0x6c, 0x6f, 0x72, 0x3d, 0x00, 0x06, 0x20, 
0x6d, 0x6f, 0x64, 0x65, 0x3d, 0x00, 0x0a, 0x20, 0x70, 0x61, 0x64, 0x52, 0x69, 0x67, 0x68, 0x74, 
0x3d, 0x00, 0x09, 0x20, 0x70, 0x6c, 0x75, 0x67, 0x67, 0x65, 0x64, 0x3d, 0x00, 0x0d, 0x20, 0x70, 
0x6f, 0x77, 0x65, 0x72, 0x53, 0x6f, 0x75, 0x72, 0x63, 0x65, 0x3d, 0x00, 0x08, 0x20, 0x73, 0x74, 
0x61, 0x74, 0x75, 0x73, 0x3d, 0x00, 0x09, 0x20, 0x76, 0x6f, 0x6c, 0x74, 0x61, 0x67, 0x65, 0x3d, 
0x00, 0x26, 0x24, 0x72, 0x38, 0x24, 0x6c, 0x61, 0x6d, 0x62, 0x64, 0x61, 0x24, 0x6d, 0x41, 0x58, 
0x2d, 0x62, 0x6d, 0x56, 0x57, 0x34, 0x41, 0x6a, 0x50, 0x45, 0x4d, 0x78, 0x6b, 0x54, 0x34, 0x5a, 
0x36, 0x47, 0x78, 0x77, 0x55, 0x5a, 0x4b, 0x51, 0x00, 0x03, 0x28, 0x29, 0x56, 0x00, 0x53, 0x28, 
0x4c, 0x6a, 0x61, 0x76, 0x61, 0x2f, 0x6c, 0x61, 0x6e, 0x67, 0x2f, 0x4f, 0x62, 0x6a, 0x65, 0x63, 
0x74, 0x3b, 0x4c, 0x6a, 0x61, 0x76, 0x61, 0x2f, 0x6c, 0x61, 0x6e, 0x67, 0x2f, 0x72, 0x65, 0x66, 
0x6c, 0x65, 0x63, 0x74, 0x2f, 0x4d, 0x65, 0x74, 0x68, 0x6f, 0x64, 0x3b, 0x5b, 0x4c, 0x6a, 0x61, 
0x76, 0x61, 0x2f, 0x6c, 0x61, 0x6e, 0x67, 0x2f, 0x4f, 0x62, 0x6a, 0x65, 0x63, 0x74, 0x3b, 0x29, 
0x4c, 0x6a, 0x61, 0x76, 0x61, 0x2f, 0x6c, 0x61, 0x6e, 0x67, 0x2f, 0x4f, 0x62, 0x6a, 0x65, 0x63, 
0x74, 0x3b, 0x00, 0x01, 0x29, 0x00, 0x08, 0x29, 0x3a, 0x20, 0x74, 0x65, 0x6d, 0x70, 0x3d, 0x00, 
0x18, 0x2d, 0x24, 0x24, 0x4e, 0x65, 0x73, 0x74, 0x24, 0x66, 0x67, 0x65, 0x74, 0x6d, 0x41, 0x74, 
0x74, 0x61, 0x63, 0x68, 0x54, 0x72, 0x69, 0x65, 0x73, 0x00, 0x19, 0x2d, 0x24, 0x24, 0x4e, 0x65, 
0x73, 0x74, 0x24, 0x66, 0x67, 0x65, 0x74, 0x6d, 0x43, 0x68, 0x61, 0x72, 0x67, 0x69, 0x6e, 0x67, 
0x4f, 0x6e, 0x6c, 0x79, 0x00, 0x14, 0x2d, 0x24, 0x24, 0x4e, 0x65, 0x73, 0x74, 0x24, 0x66, 0x67, 
0x65, 0x74, 0x6d, 0x45, 0x6e, 0x61, 0x62, 0x6c, 0x65, 0x64, 0x00, 0x17, 0x2d, 0x24, 0x24, 0x4e, 
0x65, 0x73, 0x74, 0x24, 0x66, 0x67, 0x65, 0x74, 0x6d, 0x47, 0x65, 0x6e, 0x65, 0x72, 0x61, 0x74, 
0x69, 0x6f, 0x6e, 0x00, 0x11, 0x2d, 0x24, 0x24, 0x4e, 0x65, 0x73, 0x74, 0x24, 0x66, 0x67, 0x65, 
0x74, 0x6d, 0x4d, 0x61, 0x69, 0x6e, 0x00, 0x18, 0x2d, 0x24, 0x24, 0x4e, 0x65, 0x73, 0x74, 0x24, 
0x66, 0x67, 0x65, 0x74, 0x6d, 0x50, 0x6f, 0x77, 0x65, 0x72, 0x53, 0x6f, 0x75, 0x72, 0x63, 0x65, 
0x00, 0x16, 0x2d, 0x24, 0x24, 0x4e, 0x65, 0x73, 0x74, 0x24, 0x66, 0x67, 0x65, 0x74, 0x6d, 0x52, 
0x65, 0x66, 0x72, 0x65, 0x73, 0x68, 0x4d, 0x73, 0x00, 0x1b, 0x2d, 0x24, 0x24, 0x4e, 0x65, 0x73, 
0x74, 0x24, 0x66, 0x67, 0x65, 0x74, 0x6d, 0x52, 0x65, 0x6c, 0x6f, 0x61, 0x64, 0x52, 0x75, 0x6e, 
0x6e, 0x61, 0x62, 0x6c, 0x65, 0x00, 0x15, 0x2d, 0x24, 0x24, 0x4e, 0x65, 0x73, 0x74, 0x24, 0x66, 
0x67, 0x65, 0x74, 0x6d, 0x53, 0x63, 0x72, 0x65, 0x65, 0x6e, 0x4f, 0x6e, 0x00, 0x1a, 0x2d, 0x24, 
0x24, 0x4e, 0x65, 0x73, 0x74, 0x24, 0x66, 0x67, 0x65, 0x74, 0x6d, 0x53, 0x79, 0x73, 0x66, 0x73, 
0x46, 0x61, 0x69, 0x6c, 0x75, 0x72, 0x65, 0x73, 0x00, 0x11, 0x2d, 0x24, 0x24, 0x4e, 0x65, 0x73, 
0x74, 0x24, 0x66, 0x67, 0x65, 0x74, 0x6d, 0x56, 0x69, 0x65, 0x77, 0x00, 0x1a, 0x2d, 0x24, 0x24, 
0x4e, 0x65, 0x73, 0x74, 0x24, 0x66, 0x70, 0x75, 0x74, 0x6d, 0x41, 0x74, 0x74, 0x61, 0x63, 0x68, 
0x50, 0x65, 0x6e, 0x64, 0x69, 0x6e, 0x67, 0x00, 0x18, 0x2d, 0x24, 0x24, 0x4e, 0x65, 0x73, 0x74, 
0x24, 0x66, 0x70, 0x75, 0x74, 0x6d, 0x41, 0x74, 0x74, 0x61, 0x63, 0x68, 0x54, 0x72, 0x69, 0x65, 
0x73, 0x00, 0x11, 0x2d, 0x24, 0x24, 0x4e, 0x65, 0x73, 0x74, 0x24, 0x66, 0x70, 0x75, 0x74, 0x6d, 
0x42, 0x75, 0x73, 0x79, 0x00, 0x12, 0x2d, 0x24, 0x24, 0x4e, 0x65, 0x73, 0x74, 0x24, 0x66, 0x70, 
0x75, 0x74, 0x6d, 0x43, 0x6c, 0x6f, 0x63, 0x6b, 0x00, 0x16, 0x2d, 0x24, 0x24, 0x4e, 0x65, 0x73, 
0x74, 0x24, 0x66, 0x70, 0x75, 0x74, 0x6d, 0x43, 0x75, 0x72, 0x72, 0x65, 0x6e, 0x74, 0x4d, 0x61, 
0x00, 0x14, 0x2d, 0x24, 0x24, 0x4e, 0x65, 0x73, 0x74, 0x24, 0x66, 0x70, 0x75, 0x74, 0x6d, 0x45, 
0x6e, 0x61, 0x62, 0x6c, 0x65, 0x64, 0x00, 0x18, 0x2d, 0x24, 0x24, 0x4e, 0x65, 0x73, 0x74, 0x24, 
0x66, 0x70, 0x75, 0x74, 0x6d, 0x48, 0x61, 0x76, 0x65, 0x43, 0x75, 0x72, 0x72, 0x65, 0x6e, 0x74, 
0x00, 0x1b, 0x2d, 0x24, 0x24, 0x4e, 0x65, 0x73, 0x74, 0x24, 0x66, 0x70, 0x75, 0x74, 0x6d, 0x53, 
0x61, 0x6d, 0x70, 0x6c, 0x69, 0x6e, 0x67, 0x41, 0x63, 0x74, 0x69, 0x76, 0x65, 0x00, 0x15, 0x2d, 
0x24, 0x24, 0x4e, 0x65, 0x73, 0x74, 0x24, 0x66, 0x70, 0x75, 0x74, 0x6d, 0x53, 0x63, 0x72, 0x65, 
0x65, 0x6e, 0x4f, 0x6e, 0x00, 0x1a, 0x2d, 0x24, 0x24, 0x4e, 0x65, 0x73, 0x74, 0x24, 0x66, 0x70, 
0x75, 0x74, 0x6d, 0x53, 0x79, 0x73, 0x66, 0x73, 0x46, 0x61, 0x69, 0x6c, 0x75, 0x72, 0x65, 0x73, 
0x00, 0x11, 0x2d, 0x24, 0x24, 0x4e, 0x65, 0x73, 0x74, 0x24, 0x66, 0x70, 0x75, 0x74, 0x6d, 0x56, 
0x69, 0x65, 0x77, 0x00, 0x1b, 0x2d, 0x24, 0x24, 0x4e, 0x65, 0x73, 0x74, 0x24, 0x66, 0x70, 0x75, 
0x74, 0x6d, 0x56, 0x69, 0x65, 0x77, 0x53, 0x74, 0x79, 0x6c, 0x65, 0x44, 0x69, 0x72, 0x74, 0x79, 
0x00, 0x0d, 0x2d, 0x24, 0x24, 0x4e, 0x65, 0x73, 0x74, 0x24, 0x6d, 0x68, 0x69, 0x64, 0x65, 0x00, 
0x13, 0x2d, 0x24, 0x24, 0x4e, 0x65, 0x73, 0x74, 0x24, 0x6d, 0x69, 0x73, 0x43, 0x68, 0x61, 0x72, 
0x67, 0x69, 0x6e, 0x67, 0x00, 0x13, 0x2d, 0x24, 0x24, 0x4e, 0x65, 0x73, 0x74, 0x24, 0x6d, 0x6c, 
0x6f, 0x61, 0x64, 0x43, 0x6f, 0x6e, 0x66, 0x69, 0x67, 0x00, 0x19, 0x2d, 0x24, 0x24, 0x4e, 0x65, 
0x73, 0x74, 0x24, 0x6d, 0x6f, 0x6e, 0x42, 0x61, 0x74, 0x74, 0x65, 0x72, 0x79, 0x43, 0x68, 0x61, 
0x6e, 0x67, 0x65, 0x64, 0x00, 0x20, 0x2d, 0x24, 0x24, 0x4e, 0x65, 0x73, 0x74, 0x24, 0x6d, 0x70, 
0x72, 0x65, 0x70, 0x61, 0x72, 0x65, 0x57, 0x6f, 0x72, 0x73, 0x74, 0x43, 0x61, 0x73, 0x65, 0x53, 
0x74, 0x72, 0x69, 0x6e, 0x67, 0x73, 0x00, 0x10, 0x2d, 0x24, 0x24, 0x4e, 0x65, 0x73, 0x74, 0x24, 
0x6d, 0x72, 0x65, 0x66, 0x72, 0x65, 0x73, 0x68, 0x00, 0x1c, 0x2d, 0x24, 0x24, 0x4e, 0x65, 0x73, 
0x74, 0x24, 0x6d, 0x72, 0x65, 0x71, 0x75, 0x65, 0x73, 0x74, 0x53, 0x79, 0x73, 0x66, 0x73, 0x43, 
0x75, 0x72, 0x72, 0x65, 0x6e, 0x74, 0x00, 0x17, 0x2d, 0x24, 0x24, 0x4e, 0x65, 0x73, 0x74, 0x24, 
0x6d, 0x73, 0x63, 0x68, 0x65, 0x64, 0x75, 0x6c, 0x65, 0x41, 0x74, 0x74, 0x61, 0x63, 0x68, 0x00, 
0x1f, 0x2d, 0x24, 0x24, 0x4e, 0x65, 0x73, 0x74, 0x24, 0x6d, 0x73, 0x63, 0x68, 0x65, 0x64, 0x75, 
0x6c, 0x65, 0x4e, 0x65, 0x78, 0x74, 0x53, 0x61, 0x6d, 0x70, 0x6c, 0x65, 0x54, 0x69, 0x63, 0x6b, 
0x00, 0x16, 0x2d, 0x24, 0x24, 0x4e, 0x65, 0x73, 0x74, 0x24, 0x6d, 0x73, 0x74, 0x61, 0x72, 0x74, 
0x53, 0x61, 0x6d, 0x70, 0x6c, 0x69, 0x6e, 0x67, 0x00, 0x15, 0x2d, 0x24, 0x24, 0x4e, 0x65, 0x73, 
0x74, 0x24, 0x6d, 0x73, 0x74, 0x6f, 0x70, 0x53, 0x61, 0x6d, 0x70, 0x6c, 0x69, 0x6e, 0x67, 0x00, 
0x12, 0x2d, 0x24, 0x24, 0x4e, 0x65, 0x73, 0x74, 0x24, 0x6d, 0x74, 0x72, 0x79, 0x41, 0x74, 0x74, 
0x61, 0x63, 0x68, 0x00, 0x12, 0x2d, 0x24, 0x24, 0x4e, 0x65, 0x73, 0x74, 0x24, 0x73, 0x6d, 0x72, 
0x65, 0x61, 0x64, 0x4c, 0x6f, 0x6e, 0x67, 0x00, 0x02, 0x2d, 0x2d, 0x00, 0x04, 0x2d, 0x2d, 0x6d, 
0x41, 0x00, 0x07, 0x2d, 0x38, 0x38, 0x2e, 0x38, 0xc2, 0xb0, 0x43, 0x00, 0x08, 0x2d, 0x38, 0x38, 
0x38, 0x2e, 0x38, 0x38, 0x57, 0x00, 0x17, 0x2f, 0x64, 0x61, 0x74, 0x61, 0x2f, 0x6c, 0x6f, 0x63, 
0x61, 0x6c, 0x2f, 0x74, 0x6d, 0x70, 0x2f, 0x62, 0x61, 0x74, 0x74, 0x6d, 0x6f, 0x6e, 0x00, 0x23, 
0x2f, 0x64, 0x61, 0x74, 0x61, 0x2f, 0x6c, 0x6f, 0x63, 0x61, 0x6c, 0x2f, 0x74, 0x6d, 0x70, 0x2f, 
0x62, 0x61, 0x74, 0x74, 0x6d, 0x6f, 0x6e, 0x2f, 0x63, 0x6f, 0x6e, 0x66, 0x69, 0x67, 0x2e, 0x6a, 
0x73, 0x6f, 0x6e, 0x00, 0x1f, 0x2f, 0x64, 0x61, 0x74, 0x61, 0x2f, 0x6c, 0x6f, 0x63, 0x61, 0x6c, 
0x2f, 0x74, 0x6d, 0x70, 0x2f, 0x62, 0x61, 0x74, 0x74, 0x6d, 0x6f, 0x6e, 0x2f, 0x64, 0x69, 0x73, 
0x61, 0x62, 0x6c, 0x65, 0x00, 0x2b, 0x2f, 0x73, 0x79, 0x73, 0x2f, 0x63, 0x6c, 0x61, 0x73, 0x73, 
0x2f, 0x70, 0x6f, 0x77, 0x65, 0x72, 0x5f, 0x73, 0x75, 0x70, 0x70, 0x6c, 0x79, 0x2f, 0x62, 0x61, 
0x74, 0x74, 0x65, 0x72, 0x79, 0x2f, 0x63, 0x75, 0x72, 0x72, 0x65, 0x6e, 0x74, 0x5f, 0x6e, 0x6f, 
0x77, 0x00, 0x1f, 0x2f, 0x73, 0x79, 0x73, 0x74, 0x65, 0x6d, 0x2f, 0x66, 0x6f, 0x6e, 0x74, 0x73, 
0x2f, 0x4d, 0x69, 0x53, 0x61, 0x6e, 0x73, 0x4c, 0x61, 0x74, 0x69, 0x6e, 0x56, 0x46, 0x2e, 0x74, 
0x74, 0x66, 0x00, 0x1a, 0x2f, 0x73, 0x79, 0x73, 0x74, 0x65, 0x6d, 0x2f, 0x66, 0x6f, 0x6e, 0x74, 
0x73, 0x2f, 0x4d, 0x69, 0x53, 0x61, 0x6e, 0x73, 0x56, 0x46, 0x2e, 0x74, 0x74, 0x66, 0x00, 0x22, 
0x2f, 0x73, 0x79, 0x73, 0x74, 0x65, 0x6d, 0x2f, 0x66, 0x6f, 0x6e, 0x74, 0x73, 0x2f, 0x4d, 0x69, 
0x53, 0x61, 0x6e, 0x73, 0x56, 0x46, 0x5f, 0x4f, 0x76, 0x65, 0x72, 0x6c, 0x61, 0x79, 0x2e, 0x74, 
0x74, 0x66, 0x00, 0x06, 0x30, 0x78, 0x25, 0x30, 0x38, 0x58, 0x00, 0x04, 0x31, 0x2e, 0x35, 0x30, 
0x00, 0x05, 0x31, 0x2e, 0x35, 0x30, 0x57, 0x00, 0x05, 0x32, 0x35, 0x30, 0x6d, 0x41, 0x00, 0x04, 
0x33, 0x35, 0x2e, 0x30, 0x00, 0x06, 0x33, 0x35, 0x2e, 0x30, 0xc2, 0xb0, 0x43, 0x00, 0x08, 0x3c, 
0x63, 0x6c, 0x69, 0x6e, 0x69, 0x74, 0x3e, 0x00, 0x06, 0x3c, 0x69, 0x6e, 0x69, 0x74, 0x3e, 0x00, 
0x15, 0x41, 0x54, 0x54, 0x41, 0x43, 0x48, 0x5f, 0x46, 0x49, 0x52, 0x53, 0x54, 0x5f, 0x44, 0x45, 
0x4c, 0x41, 0x59, 0x5f, 0x4d, 0x53, 0x00, 0x13, 0x41, 0x54, 0x54, 0x41, 0x43, 0x48, 0x5f, 0x4d, 
0x41, 0x58, 0x5f, 0x44, 0x45, 0x4c, 0x41, 0x59, 0x5f, 0x4d, 0x53, 0x00, 0x0f, 0x41, 0x74, 0x74, 
0x61, 0x63, 0x68, 0x20, 0x66, 0x61, 0x69, 0x6c, 0x65, 0x64, 0x3a, 0x20, 0x00, 0x07, 0x42, 0x61, 
0x74, 0x74, 0x4d, 0x6f, 0x6e, 0x00, 0x19, 0x42, 0x61, 0x74, 0x74, 0x4d, 0x6f, 0x6e, 0x20, 0x73, 
0x74, 0x61, 0x72, 0x74, 0x65, 0x64, 0x3a, 0x20, 0x65, 0x6e, 0x61, 0x62, 0x6c, 0x65, 0x64, 0x3d, 
0x00, 0x0c, 0x42, 0x61, 0x74, 0x74, 0x4d, 0x6f, 0x6e, 0x2e, 0x6a, 0x61, 0x76, 0x61, 0x00, 0x13, 
0x42, 0x61, 0x74, 0x74, 0x4d, 0x6f, 0x6e, 0x44, 0x61, 0x72, 0x6b, 0x52, 0x65, 0x63, 0x65, 0x69, 
0x76, 0x65, 0x72, 0x00, 0x0e, 0x42, 0x61, 0x74, 0x74, 0x4d, 0x6f, 0x6e, 0x53, 0x61, 0x6d, 0x70, 
0x6c, 0x65, 0x72, 0x00, 0x13, 0x42, 0x61, 0x74, 0x74, 0x4d, 0x6f, 0x6e, 0x53, 0x61, 0x6d, 0x70, 
0x6c, 0x65, 0x72, 0x2e, 0x6a, 0x61, 0x76, 0x61, 0x00, 0x10, 0x42, 0x61, 0x74, 0x74, 0x4d, 0x6f, 
0x6e, 0x56, 0x69, 0x65, 0x77, 0x2e, 0x6a, 0x61, 0x76, 0x61, 0x00, 0x09, 0x42, 0x61, 0x74, 0x74, 
0x65, 0x72, 0x79, 0x20, 0x28, 0x00, 0x2d, 0x42, 0x61, 0x74, 0x74, 0x65, 0x72, 0x79, 0x20, 0x63, 
0x75, 0x72, 0x72, 0x65, 0x6e, 0x74, 0x20, 0x72, 0x65, 0x61, 0x64, 0x69, 0x6e, 0x67, 0x20, 0x75, 
0x6e, 0x61, 0x76, 0x61, 0x69, 0x6c, 0x61, 0x62, 0x6c, 0x65, 0x20, 0x76, 0x69, 0x61, 0x20, 0x73, 
0x79, 0x73, 0x66, 0x73, 0x00, 0x01, 0x43, 0x00, 0x0d, 0x43, 0x4c, 0x4f, 0x43, 0x4b, 0x5f, 0x50, 
0x41, 0x54, 0x54, 0x45, 0x52, 0x4e, 0x00, 0x1c, 0x43, 0x4f, 0x4e, 0x46, 0x49, 0x47, 0x5f, 0x43, 
0x48, 0x45, 0x43, 0x4b, 0x5f, 0x4d, 0x49, 0x4e, 0x5f, 0x49, 0x4e, 0x54, 0x45, 0x52, 0x56, 0x41, 
0x4c, 0x5f, 0x4d, 0x53, 0x00, 0x0a, 0x43, 0x4f, 0x4e, 0x46, 0x49, 0x47, 0x5f, 0x44, 0x49, 0x52, 
0x00, 0x0b, 0x43, 0x4f, 0x4e, 0x46, 0x49, 0x47, 0x5f, 0x46, 0x49, 0x4c, 0x45, 0x00, 0x15, 0x43, 
0x4f, 0x55, 0x4e, 0x54, 0x45, 0x52, 0x5f, 0x4d, 0x49, 0x4e, 0x5f, 0x44, 0x45, 0x4c, 0x54, 0x41, 
0x5f, 0x55, 0x41, 0x48, 0x00, 0x08, 0x43, 0x61, 0x6c, 0x6c, 0x62, 0x61, 0x63, 0x6b, 0x00, 0x17, 
0x43, 0x6f, 0x6e, 0x66, 0x69, 0x67, 0x20, 0x6c, 0x6f, 0x61, 0x64, 0x65, 0x64, 0x3a, 0x20, 0x65, 
0x6e, 0x61, 0x62, 0x6c, 0x65, 0x64, 0x3d, 0x00, 0x13, 0x43, 0x6f, 0x6e, 0x66, 0x69, 0x67, 0x20, 
0x70, 0x61, 0x72, 0x73, 0x65, 0x20, 0x66, 0x61, 0x69, 0x6c, 0x65, 0x64, 0x00, 0x01, 0x44, 0x00, 
0x12, 0x44, 0x38, 0x24, 0x24, 0x53, 0x79, 0x6e, 0x74, 0x68, 0x65, 0x74, 0x69, 0x63, 0x43, 0x6c, 
0x61, 0x73, 0x73, 0x00, 0x02, 0x44, 0x44, 0x00, 0x0c, 0x44, 0x49, 0x53, 0x41, 0x42, 0x4c, 0x45, 
0x5f, 0x46, 0x49, 0x4c, 0x45, 0x00, 0x03, 0x44, 0x4c, 0x44, 0x00, 0x44, 0x44, 0x61, 0x72, 0x6b, 
0x20, 0x69, 0x63, 0x6f, 0x6e, 0x20, 0x64, 0x69, 0x73, 0x70, 0x61, 0x74, 0x63, 0x68, 0x65, 0x72, 
0x20, 0x68, 0x6f, 0x6f, 0x6b, 0x20, 0x75, 0x6e, 0x61, 0x76, 0x61, 0x69, 0x6c, 0x61, 0x62, 0x6c, 
0x65, 0x20, 0x28, 0x75, 0x73, 0x69, 0x6e, 0x67, 0x20, 0x63, 0x6c, 0x6f, 0x63, 0x6b, 0x20, 0x63, 
0x6f, 0x6c, 0x6f, 0x72, 0x20, 0x66, 0x61, 0x6c, 0x6c, 0x62, 0x61, 0x63, 0x6b, 0x29, 0x3a, 0x20, 
0x00, 0x3a, 0x44, 0x69, 0x73, 0x61, 0x62, 0x6c, 0x65, 0x64, 0x20, 0x76, 0x69, 0x61, 0x20, 0x65, 
0x73, 0x63, 0x61, 0x70, 0x65, 0x20, 0x68, 0x61, 0x74, 0x63, 0x68, 0x3a, 0x20, 0x2f, 0x64, 0x61, 
0x74, 0x61, 0x2f, 0x6c, 0x6f, 0x63, 0x61, 0x6c, 0x2f, 0x74, 0x6d, 0x70, 0x2f, 0x62, 0x61, 0x74, 
0x74, 0x6d, 0x6f, 0x6e, 0x2f, 0x64, 0x69, 0x73, 0x61, 0x62, 0x6c, 0x65, 0x00, 0x09, 0x44, 0x69, 
0x73, 0x70, 0x6c, 0x61, 0x79, 0x3a, 0x20, 0x00, 0x14, 0x45, 0x58, 0x54, 0x52, 0x41, 0x5f, 0x43, 
0x48, 0x41, 0x52, 0x47, 0x45, 0x5f, 0x43, 0x4f, 0x55, 0x4e, 0x54, 0x45, 0x52, 0x00, 0x01, 0x46, 
0x00, 0x04, 0x46, 0x49, 0x46, 0x4c, 0x00, 0x02, 0x46, 0x4c, 0x00, 0x01, 0x49, 0x00, 0x02, 0x49, 
0x46, 0x00, 0x03, 0x49, 0x49, 0x49, 0x00, 0x02, 0x49, 0x4c, 0x00, 0x03, 0x49, 0x4c, 0x49, 0x00, 
0x04, 0x49, 0x4c, 0x49, 0x49, 0x00, 0x03, 0x49, 0x4c, 0x4c, 0x00, 0x04, 0x49, 0x4c, 0x4c, 0x4c, 
0x00, 0x0b, 0x49, 0x6e, 0x69, 0x74, 0x20, 0x66, 0x61, 0x69, 0x6c, 0x65, 0x64, 0x00, 0x01, 0x4a, 
0x00, 0x02, 0x4a, 0x4a, 0x00, 0x03, 0x4a, 0x4a, 0x4a, 0x00, 0x02, 0x4a, 0x4c, 0x00, 0x01, 0x4c, 
0x00, 0x02, 0x4c, 0x43, 0x00, 0x02, 0x4c, 0x44, 0x00, 0x02, 0x4c, 0x46, 0x00, 0x02, 0x4c, 0x49, 
0x00, 0x02, 0x4c, 0x4a, 0x00, 0x02, 0x4c, 0x4c, 0x00, 0x03, 0x4c, 0x4c, 0x49, 0x00, 0x04, 0x4c, 
0x4c, 0x49, 0x4c, 0x00, 0x04, 0x4c, 0x4c, 0x49, 0x5a, 0x00, 0x03, 0x4c, 0x4c, 0x4c, 0x00, 0x04, 
0x4c, 0x4c, 0x4c, 0x49, 0x00, 0x04, 0x4c, 0x4c, 0x4c, 0x4c, 0x00, 0x05, 0x4c, 0x4c, 0x4c, 0x4c, 
0x4c, 0x00, 0x03, 0x4c, 0x4c, 0x5a, 0x00, 0x02, 0x4c, 0x5a, 0x00, 0x23, 0x4c, 0x61, 0x6e, 0x64, 
0x72, 0x6f, 0x69, 0x64, 0x2f, 0x63, 0x6f, 0x6e, 0x74, 0x65, 0x6e, 0x74, 0x2f, 0x42, 0x72, 0x6f, 
0x61, 0x64, 0x63, 0x61, 0x73, 0x74, 0x52, 0x65, 0x63, 0x65, 0x69, 0x76, 0x65, 0x72, 0x3b, 0x00, 
0x19, 0x4c, 0x61, 0x6e, 0x64, 0x72, 0x6f, 0x69, 0x64, 0x2f, 0x63, 0x6f, 0x6e, 0x74, 0x65, 0x6e, 
0x74, 0x2f, 0x43, 0x6f, 0x6e, 0x74, 0x65, 0x78, 0x74, 0x3b, 0x00, 0x18, 0x4c, 0x61, 0x6e, 0x64, 
0x72, 0x6f, 0x69, 0x64, 0x2f, 0x63, 0x6f, 0x6e, 0x74, 0x65, 0x6e, 0x74, 0x2f, 0x49, 0x6e, 0x74, 
0x65, 0x6e, 0x74, 0x3b, 0x00, 0x1e, 0x4c, 0x61, 0x6e, 0x64, 0x72, 0x6f, 0x69, 0x64, 0x2f, 0x63, 
0x6f, 0x6e, 0x74, 0x65, 0x6e, 0x74, 0x2f, 0x49, 0x6e, 0x74, 0x65, 0x6e, 0x74, 0x46, 0x69, 0x6c, 
0x74, 0x65, 0x72, 0x3b, 0x00, 0x1f, 0x4c, 0x61, 0x6e, 0x64, 0x72, 0x6f, 0x69, 0x64, 0x2f, 0x63, 
0x6f, 0x6e, 0x74, 0x65, 0x6e, 0x74, 0x2f, 0x72, 0x65, 0x73, 0x2f, 0x52, 0x65, 0x73, 0x6f, 0x75, 
0x72, 0x63, 0x65, 0x73, 0x3b, 0x00, 0x19, 0x4c, 0x61, 0x6e, 0x64, 0x72, 0x6f, 0x69, 0x64, 0x2f, 
0x67, 0x72, 0x61, 0x70, 0x68, 0x69, 0x63, 0x73, 0x2f, 0x43, 0x61, 0x6e, 0x76, 0x61, 0x73, 0x3b, 
0x00, 0x24, 0x4c, 0x61, 0x6e, 0x64, 0x72, 0x6f, 0x69, 0x64, 0x2f, 0x67, 0x72, 0x61, 0x70, 0x68, 
0x69, 0x63, 0x73, 0x2f, 0x50, 0x61, 0x69, 0x6e, 0x74, 0x24, 0x46, 0x6f, 0x6e, 0x74, 0x4d, 0x65, 
0x74, 0x72, 0x69, 0x63, 0x73, 0x3b, 0x00, 0x18, 0x4c, 0x61, 0x6e, 0x64, 0x72, 0x6f, 0x69, 0x64, 
0x2f, 0x67, 0x72, 0x61, 0x70, 0x68, 0x69, 0x63, 0x73, 0x2f, 0x50, 0x61, 0x69, 0x6e, 0x74, 0x3b, 
0x00, 0x1b, 0x4c, 0x61, 0x6e, 0x64, 0x72, 0x6f, 0x69, 0x64, 0x2f, 0x67, 0x72, 0x61, 0x70, 0x68, 
0x69, 0x63, 0x73, 0x2f, 0x54, 0x79, 0x70, 0x65, 0x66, 0x61, 0x63, 0x65, 0x3b, 0x00, 0x1a, 0x4c, 
0x61, 0x6e, 0x64, 0x72, 0x6f, 0x69, 0x64, 0x2f, 0x6f, 0x73, 0x2f, 0x42, 0x75, 0x69, 0x6c, 0x64, 
0x24, 0x56, 0x45, 0x52, 0x53, 0x49, 0x4f, 0x4e, 0x3b, 0x00, 0x19, 0x4c, 0x61, 0x6e, 0x64, 0x72, 
0x6f, 0x69, 0x64, 0x2f, 0x6f, 0x73, 0x2f, 0x46, 0x69, 0x6c, 0x65, 0x4f, 0x62, 0x73, 0x65, 0x72, 
0x76, 0x65, 0x72, 0x3b, 0x00, 0x14, 0x4c, 0x61, 0x6e, 0x64, 0x72, 0x6f, 0x69, 0x64, 0x2f, 0x6f, 
0x73, 0x2f, 0x48, 0x61, 0x6e, 0x64, 0x6c, 0x65, 0x72, 0x3b, 0x00, 0x1a, 0x4c, 0x61, 0x6e, 0x64, 
0x72, 0x6f, 0x69, 0x64, 0x2f, 0x6f, 0x73, 0x2f, 0x48, 0x61, 0x6e, 0x64, 0x6c, 0x65, 0x72, 0x54, 
0x68, 0x72, 0x65, 0x61, 0x64, 0x3b, 0x00, 0x13, 0x4c, 0x61, 0x6e, 0x64, 0x72, 0x6f, 0x69, 0x64, 
0x2f, 0x6f, 0x73, 0x2f, 0x4c, 0x6f, 0x6f, 0x70, 0x65, 0x72, 0x3b, 0x00, 0x19, 0x4c, 0x61, 0x6e, 
0x64, 0x72, 0x6f, 0x69, 0x64, 0x2f, 0x6f, 0x73, 0x2f, 0x50, 0x6f, 0x77, 0x65, 0x72, 0x4d, 0x61, 
0x6e, 0x61, 0x67, 0x65, 0x72, 0x3b, 0x00, 0x18, 0x4c, 0x61, 0x6e, 0x64, 0x72, 0x6f, 0x69, 0x64, 
0x2f, 0x6f, 0x73, 0x2f, 0x53, 0x79, 0x73, 0x74, 0x65, 0x6d, 0x43, 0x6c, 0x6f, 0x63, 0x6b, 0x3b, 
0x00, 0x1d, 0x4c, 0x61, 0x6e, 0x64, 0x72, 0x6f, 0x69, 0x64, 0x2f, 0x75, 0x74, 0x69, 0x6c, 0x2f, 
0x44, 0x69, 0x73, 0x70, 0x6c, 0x61, 0x79, 0x4d, 0x65, 0x74, 0x72, 0x69, 0x63, 0x73, 0x3b, 0x00, 
0x12, 0x4c, 0x61, 0x6e, 0x64, 0x72, 0x6f, 0x69, 0x64, 0x2f, 0x75, 0x74, 0x69, 0x6c, 0x2f, 0x4c, 
0x6f, 0x67, 0x3b, 0x00, 0x19, 0x4c, 0x61, 0x6e, 0x64, 0x72, 0x6f, 0x69, 0x64, 0x2f, 0x75, 0x74, 
0x69, 0x6c, 0x2f, 0x54, 0x79, 0x70, 0x65, 0x64, 0x56, 0x61, 0x6c, 0x75, 0x65, 0x3b, 0x00, 0x2f, 
0x4c, 0x61, 0x6e, 0x64, 0x72, 0x6f, 0x69, 0x64, 0x2f, 0x76, 0x69, 0x65, 0x77, 0x2f, 0x56, 0x69, 
0x65, 0x77, 0x24, 0x4f, 0x6e, 0x41, 0x74, 0x74, 0x61, 0x63, 0x68, 0x53, 0x74, 0x61, 0x74, 0x65, 
0x43, 0x68, 0x61, 0x6e, 0x67, 0x65, 0x4c, 0x69, 0x73, 0x74, 0x65, 0x6e, 0x65, 0x72, 0x3b, 0x00, 
0x13, 0x4c, 0x61, 0x6e, 0x64, 0x72, 0x6f, 0x69, 0x64, 0x2f, 0x76, 0x69, 0x65, 0x77, 0x2f, 0x56, 
0x69, 0x65, 0x77, 0x3b, 0x00, 0x25, 0x4c, 0x61, 0x6e, 0x64, 0x72, 0x6f, 0x69, 0x64, 0x2f, 0x76, 
0x69, 0x65, 0x77, 0x2f, 0x56, 0x69, 0x65, 0x77, 0x47, 0x72, 0x6f, 0x75, 0x70, 0x24, 0x4c, 0x61, 
0x79, 0x6f, 0x75, 0x74, 0x50, 0x61, 0x72, 0x61, 0x6d, 0x73, 0x3b, 0x00, 0x18, 0x4c, 0x61, 0x6e, 
0x64, 0x72, 0x6f, 0x69, 0x64, 0x2f, 0x76, 0x69, 0x65, 0x77, 0x2f, 0x56, 0x69, 0x65, 0x77, 0x47, 
0x72, 0x6f, 0x75, 0x70, 0x3b, 0x00, 0x19, 0x4c, 0x61, 0x6e, 0x64, 0x72, 0x6f, 0x69, 0x64, 0x2f, 
0x76, 0x69, 0x65, 0x77, 0x2f, 0x56, 0x69, 0x65, 0x77, 0x50, 0x61, 0x72, 0x65, 0x6e, 0x74, 0x3b, 
0x00, 0x2a, 0x4c, 0x61, 0x6e, 0x64, 0x72, 0x6f, 0x69, 0x64, 0x2f, 0x77, 0x69, 0x64, 0x67, 0x65, 
0x74, 0x2f, 0x4c, 0x69, 0x6e, 0x65, 0x61, 0x72, 0x4c, 0x61, 0x79, 0x6f, 0x75, 0x74, 0x24, 0x4c, 
0x61, 0x79, 0x6f, 0x75, 0x74, 0x50, 0x61, 0x72, 0x61, 0x6d, 0x73, 0x3b, 0x00, 0x19, 0x4c, 0x61, 
0x6e, 0x64, 0x72, 0x6f, 0x69, 0x64, 0x2f, 0x77, 0x69, 0x64, 0x67, 0x65, 0x74, 0x2f, 0x54, 0x65, 
0x78, 0x74, 0x56, 0x69, 0x65, 0x77, 0x3b, 0x00, 0x2f, 0x4c, 0x63, 0x6f, 0x6d, 0x2f, 0x61, 0x6e, 
0x64, 0x72, 0x6f, 0x69, 0x64, 0x2f, 0x74, 0x6f, 0x6f, 0x6c, 0x73, 0x2f, 0x72, 0x38, 0x2f, 0x61, 
0x6e, 0x6e, 0x6f, 0x74, 0x61, 0x74, 0x69, 0x6f, 0x6e, 0x73, 0x2f, 0x4c, 0x61, 0x6d, 0x62, 0x64, 
0x61, 0x4d, 0x65, 0x74, 0x68, 0x6f, 0x64, 0x3b, 0x00, 0x17, 0x4c, 0x63, 0x6f, 0x6d, 0x2f, 0x62, 
0x61, 0x74, 0x74, 0x6d, 0x6f, 0x6e, 0x2f, 0x42, 0x61, 0x74, 0x74, 0x4d, 0x6f, 0x6e, 0x24, 0x30, 
0x3b, 0x00, 0x17, 0x4c, 0x63, 0x6f, 0x6d, 0x2f, 0x62, 0x61, 0x74, 0x74, 0x6d, 0x6f, 0x6e, 0x2f, 
0x42, 0x61, 0x74, 0x74, 0x4d, 0x6f, 0x6e, 0x24, 0x31, 0x3b, 0x00, 0x17, 0x4c, 0x63, 0x6f, 0x6d, 
0x2f, 0x62, 0x61, 0x74, 0x74, 0x6d, 0x6f, 0x6e, 0x2f, 0x42, 0x61, 0x74, 0x74, 0x4d, 0x6f, 0x6e, 
0x24, 0x32, 0x3b, 0x00, 0x17, 0x4c, 0x63, 0x6f, 0x6d, 0x2f, 0x62, 0x61, 0x74, 0x74, 0x6d, 0x6f, 
0x6e, 0x2f, 0x42, 0x61, 0x74, 0x74, 0x4d, 0x6f, 0x6e, 0x24, 0x33, 0x3b, 0x00, 0x17, 0x4c, 0x63, 
0x6f, 0x6d, 0x2f, 0x62, 0x61, 0x74, 0x74, 0x6d, 0x6f, 0x6e, 0x2f, 0x42, 0x61, 0x74, 0x74, 0x4d, 
0x6f, 0x6e, 0x24, 0x34, 0x3b, 0x00, 0x19, 0x4c, 0x63, 0x6f, 0x6d, 0x2f, 0x62, 0x61, 0x74, 0x74, 
0x6d, 0x6f, 0x6e, 0x2f, 0x42, 0x61, 0x74, 0x74, 0x4d, 0x6f, 0x6e, 0x24, 0x35, 0x24, 0x31, 0x3b, 
0x00, 0x17, 0x4c, 0x63, 0x6f, 0x6d, 0x2f, 0x62, 0x61, 0x74, 0x74, 0x6d, 0x6f, 0x6e, 0x2f, 0x42, 
0x61, 0x74, 0x74, 0x4d, 0x6f, 0x6e, 0x24, 0x35, 0x3b, 0x00, 0x17, 0x4c, 0x63, 0x6f, 0x6d, 0x2f, 
0x62, 0x61, 0x74, 0x74, 0x6d, 0x6f, 0x6e, 0x2f, 0x42, 0x61, 0x74, 0x74, 0x4d, 0x6f, 0x6e, 0x24, 
0x36, 0x3b, 0x00, 0x17, 0x4c, 0x63, 0x6f, 0x6d, 0x2f, 0x62, 0x61, 0x74, 0x74, 0x6d, 0x6f, 0x6e, 
0x2f, 0x42, 0x61, 0x74, 0x74, 0x4d, 0x6f, 0x6e, 0x24, 0x37, 0x3b, 0x00, 0x17, 0x4c, 0x63, 0x6f, 
0x6d, 0x2f, 0x62, 0x61, 0x74, 0x74, 0x6d, 0x6f, 0x6e, 0x2f, 0x42, 0x61, 0x74, 0x74, 0x4d, 0x6f, 
0x6e, 0x24, 0x38, 0x3b, 0x00, 0x15, 0x4c, 0x63, 0x6f, 0x6d, 0x2f, 0x62, 0x61, 0x74, 0x74, 0x6d, 
0x6f, 0x6e, 0x2f, 0x42, 0x61, 0x74, 0x74, 0x4d, 0x6f, 0x6e, 0x3b, 0x00, 0x20, 0x4c, 0x63, 0x6f, 
0x6d, 0x2f, 0x62, 0x61, 0x74, 0x74, 0x6d, 0x6f, 0x6e, 0x2f, 0x42, 0x61, 0x74, 0x74, 0x4d, 0x6f, 
0x6e, 0x53, 0x61, 0x6d, 0x70, 0x6c, 0x65, 0x72, 0x24, 0x31, 0x24, 0x31, 0x3b, 0x00, 0x1e, 0x4c, 
0x63, 0x6f, 0x6d, 0x2f, 0x62, 0x61, 0x74, 0x74, 0x6d, 0x6f, 0x6e, 0x2f, 0x42, 0x61, 0x74, 0x74, 
0x4d, 0x6f, 0x6e, 0x53, 0x61, 0x6d, 0x70, 0x6c, 0x65, 0x72, 0x24, 0x31, 0x3b, 0x00, 0x25, 0x4c, 
0x63, 0x6f, 0x6d, 0x2f, 0x62, 0x61, 0x74, 0x74, 0x6d, 0x6f, 0x6e, 0x2f, 0x42, 0x61, 0x74, 0x74, 
0x4d, 0x6f, 0x6e, 0x53, 0x61, 0x6d, 0x70, 0x6c, 0x65, 0x72, 0x24, 0x43, 0x61, 0x6c, 0x6c, 0x62, 
0x61, 0x63, 0x6b, 0x3b, 0x00, 0x1c, 0x4c, 0x63, 0x6f, 0x6d, 0x2f, 0x62, 0x61, 0x74, 0x74, 0x6d, 
0x6f, 0x6e, 0x2f, 0x42, 0x61, 0x74, 0x74, 0x4d, 0x6f, 0x6e, 0x53, 0x61, 0x6d, 0x70, 0x6c, 0x65, 
0x72, 0x3b, 0x00, 0x19, 0x4c, 0x63, 0x6f, 0x6d, 0x2f, 0x62, 0x61, 0x74, 0x74, 0x6d, 0x6f, 0x6e, 
0x2f, 0x42, 0x61, 0x74, 0x74, 0x4d, 0x6f, 0x6e, 0x56, 0x69, 0x65, 0x77, 0x3b, 0x00, 0x22, 0x4c, 
0x64, 0x61, 0x6c, 0x76, 0x69, 0x6b, 0x2f, 0x61, 0x6e, 0x6e, 0x6f, 0x74, 0x61, 0x74, 0x69, 0x6f, 
0x6e, 0x2f, 0x45, 0x6e, 0x63, 0x6c, 0x6f, 0x73, 0x69, 0x6e, 0x67, 0x43, 0x6c, 0x61, 0x73, 0x73, 
0x3b, 0x00, 0x23, 0x4c, 0x64, 0x61, 0x6c, 0x76, 0x69, 0x6b, 0x2f, 0x61, 0x6e, 0x6e, 0x6f, 0x74, 
0x61, 0x74, 0x69, 0x6f, 0x6e, 0x2f, 0x45, 0x6e, 0x63, 0x6c, 0x6f, 0x73, 0x69, 0x6e, 0x67, 0x4d, 
0x65, 0x74, 0x68, 0x6f, 0x64, 0x3b, 0x00, 0x1e, 0x4c, 0x64, 0x61, 0x6c, 0x76, 0x69, 0x6b, 0x2f, 
0x61, 0x6e, 0x6e, 0x6f, 0x74, 0x61, 0x74, 0x69, 0x6f, 0x6e, 0x2f, 0x49, 0x6e, 0x6e, 0x65, 0x72, 
0x43, 0x6c, 0x61, 0x73, 0x73, 0x3b, 0x00, 0x21, 0x4c, 0x64, 0x61, 0x6c, 0x76, 0x69, 0x6b, 0x2f, 
0x61, 0x6e, 0x6e, 0x6f, 0x74, 0x61, 0x74, 0x69, 0x6f, 0x6e, 0x2f, 0x4d, 0x65, 0x6d, 0x62, 0x65, 
0x72, 0x43, 0x6c, 0x61, 0x73, 0x73, 0x65, 0x73, 0x3b, 0x00, 0x1d, 0x4c, 0x64, 0x61, 0x6c, 0x76, 
0x69, 0x6b, 0x2f, 0x61, 0x6e, 0x6e, 0x6f, 0x74, 0x61, 0x74, 0x69, 0x6f, 0x6e, 0x2f, 0x53, 0x69, 
0x67, 0x6e, 0x61, 0x74, 0x75, 0x72, 0x65, 0x3b, 0x00, 0x1a, 0x4c, 0x64, 0x61, 0x6c, 0x76, 0x69, 
0x6b, 0x2f, 0x61, 0x6e, 0x6e, 0x6f, 0x74, 0x61, 0x74, 0x69, 0x6f, 0x6e, 0x2f, 0x54, 0x68, 0x72, 
0x6f, 0x77, 0x73, 0x3b, 0x00, 0x0e, 0x4c, 0x6a, 0x61, 0x76, 0x61, 0x2f, 0x69, 0x6f, 0x2f, 0x46, 
0x69, 0x6c, 0x65, 0x3b, 0x00, 0x19, 0x4c, 0x6a, 0x61, 0x76, 0x61, 0x2f, 0x69, 0x6f, 0x2f, 0x46, 
0x69, 0x6c, 0x65, 0x49, 0x6e, 0x70, 0x75, 0x74, 0x53, 0x74, 0x72, 0x65, 0x61, 0x6d, 0x3b, 0x00, 
0x13, 0x4c, 0x6a, 0x61, 0x76, 0x61, 0x2f, 0x6c, 0x61, 0x6e, 0x67, 0x2f, 0x42, 0x6f, 0x6f, 0x6c, 
0x65, 0x61, 0x6e, 0x3b, 0x00, 0x18, 0x4c, 0x6a, 0x61, 0x76, 0x61, 0x2f, 0x6c, 0x61, 0x6e, 0x67, 
0x2f, 0x43, 0x68, 0x61, 0x72, 0x53, 0x65, 0x71, 0x75, 0x65, 0x6e, 0x63, 0x65, 0x3b, 0x00, 0x11, 
0x4c, 0x6a, 0x61, 0x76, 0x61, 0x2f, 0x6c, 0x61, 0x6e, 0x67, 0x2f, 0x43, 0x6c, 0x61, 0x73, 0x73, 
0x3b, 0x00, 0x17, 0x4c, 0x6a, 0x61, 0x76, 0x61, 0x2f, 0x6c, 0x61, 0x6e, 0x67, 0x2f, 0x43, 0x6c, 
0x61, 0x73, 0x73, 0x4c, 0x6f, 0x61, 0x64, 0x65, 0x72, 0x3b, 0x00, 0x12, 0x4c, 0x6a, 0x61, 0x76, 
0x61, 0x2f, 0x6c, 0x61, 0x6e, 0x67, 0x2f, 0x44, 0x6f, 0x75, 0x62, 0x6c, 0x65, 0x3b, 0x00, 0x15, 
0x4c, 0x6a, 0x61, 0x76, 0x61, 0x2f, 0x6c, 0x61, 0x6e, 0x67, 0x2f, 0x45, 0x78, 0x63, 0x65, 0x70, 
0x74, 0x69, 0x6f, 0x6e, 0x3b, 0x00, 0x13, 0x4c, 0x6a, 0x61, 0x76, 0x61, 0x2f, 0x6c, 0x61, 0x6e, 
0x67, 0x2f, 0x49, 0x6e, 0x74, 0x65, 0x67, 0x65, 0x72, 0x3b, 0x00, 0x10, 0x4c, 0x6a, 0x61, 0x76, 
0x61, 0x2f, 0x6c, 0x61, 0x6e, 0x67, 0x2f, 0x4d, 0x61, 0x74, 0x68, 0x3b, 0x00, 0x12, 0x4c, 0x6a, 
0x61, 0x76, 0x61, 0x2f, 0x6c, 0x61, 0x6e, 0x67, 0x2f, 0x4f, 0x62, 0x6a, 0x65, 0x63, 0x74, 0x3b, 
0x00, 0x14, 0x4c, 0x6a, 0x61, 0x76, 0x61, 0x2f, 0x6c, 0x61, 0x6e, 0x67, 0x2f, 0x52, 0x75, 0x6e, 
0x6e, 0x61, 0x62, 0x6c, 0x65, 0x3b, 0x00, 0x12, 0x4c, 0x6a, 0x61, 0x76, 0x61, 0x2f, 0x6c, 0x61, 
0x6e, 0x67, 0x2f, 0x53, 0x74, 0x72, 0x69, 0x6e, 0x67, 0x3b, 0x00, 0x19, 0x4c, 0x6a, 0x61, 0x76, 
0x61, 0x2f, 0x6c, 0x61, 0x6e, 0x67, 0x2f, 0x53, 0x74, 0x72, 0x69, 0x6e, 0x67, 0x42, 0x75, 0x69, 
0x6c, 0x64, 0x65, 0x72, 0x3b, 0x00, 0x12, 0x4c, 0x6a, 0x61, 0x76, 0x61, 0x2f, 0x6c, 0x61, 0x6e, 
0x67, 0x2f, 0x53, 0x79, 0x73, 0x74, 0x65, 0x6d, 0x3b, 0x00, 0x15, 0x4c, 0x6a, 0x61, 0x76, 0x61, 
0x2f, 0x6c, 0x61, 0x6e, 0x67, 0x2f, 0x54, 0x68, 0x72, 0x6f, 0x77, 0x61, 0x62, 0x6c, 0x65, 0x3b, 
0x00, 0x21, 0x4c, 0x6a, 0x61, 0x76, 0x61, 0x2f, 0x6c, 0x61, 0x6e, 0x67, 0x2f, 0x61, 0x6e, 0x6e, 
0x6f, 0x74, 0x61, 0x74, 0x69, 0x6f, 0x6e, 0x2f, 0x41, 0x6e, 0x6e, 0x6f, 0x74, 0x61, 0x74, 0x69, 
0x6f, 0x6e, 0x3b, 0x00, 0x22, 0x4c, 0x6a, 0x61, 0x76, 0x61, 0x2f, 0x6c, 0x61, 0x6e, 0x67, 0x2f, 
0x61, 0x6e, 0x6e, 0x6f, 0x74, 0x61, 0x74, 0x69, 0x6f, 0x6e, 0x2f, 0x45, 0x6c, 0x65, 0x6d, 0x65, 
0x6e, 0x74, 0x54, 0x79, 0x70, 0x65, 0x3b, 0x00, 0x20, 0x4c, 0x6a, 0x61, 0x76, 0x61, 0x2f, 0x6c, 
0x61, 0x6e, 0x67, 0x2f, 0x61, 0x6e, 0x6e, 0x6f, 0x74, 0x61, 0x74, 0x69, 0x6f, 0x6e, 0x2f, 0x52, 
0x65, 0x74, 0x65, 0x6e, 0x74, 0x69, 0x6f, 0x6e, 0x3b, 0x00, 0x26, 0x4c, 0x6a, 0x61, 0x76, 0x61, 
0x2f, 0x6c, 0x61, 0x6e, 0x67, 0x2f, 0x61, 0x6e, 0x6e, 0x6f, 0x74, 0x61, 0x74, 0x69, 0x6f, 0x6e, 
0x2f, 0x52, 0x65, 0x74, 0x65, 0x6e, 0x74, 0x69, 0x6f, 0x6e, 0x50, 0x6f, 0x6c, 0x69, 0x63, 0x79, 
0x3b, 0x00, 0x1d, 0x4c, 0x6a, 0x61, 0x76, 0x61, 0x2f, 0x6c, 0x61, 0x6e, 0x67, 0x2f, 0x61, 0x6e, 
0x6e, 0x6f, 0x74, 0x61, 0x74, 0x69, 0x6f, 0x6e, 0x2f, 0x54, 0x61, 0x72, 0x67, 0x65, 0x74, 0x3b, 
0x00, 0x19, 0x4c, 0x6a, 0x61, 0x76, 0x61, 0x2f, 0x6c, 0x61, 0x6e, 0x67, 0x2f, 0x72, 0x65, 0x66, 
0x6c, 0x65, 0x63, 0x74, 0x2f, 0x46, 0x69, 0x65, 0x6c, 0x64, 0x3b, 0x00, 0x25, 0x4c, 0x6a, 0x61, 
0x76, 0x61, 0x2f, 0x6c, 0x61, 0x6e, 0x67, 0x2f, 0x72, 0x65, 0x66, 0x6c, 0x65, 0x63, 0x74, 0x2f, 
0x49, 0x6e, 0x76, 0x6f, 0x63, 0x61, 0x74, 0x69, 0x6f, 0x6e, 0x48, 0x61, 0x6e, 0x64, 0x6c, 0x65, 
0x72, 0x3b, 0x00, 0x1a, 0x4c, 0x6a, 0x61, 0x76, 0x61, 0x2f, 0x6c, 0x61, 0x6e, 0x67, 0x2f, 0x72, 
0x65, 0x66, 0x6c, 0x65, 0x63, 0x74, 0x2f, 0x4d, 0x65, 0x74, 0x68, 0x6f, 0x64, 0x3b, 0x00, 0x19, 
0x4c, 0x6a, 0x61, 0x76, 0x61, 0x2f, 0x6c, 0x61, 0x6e, 0x67, 0x2f, 0x72, 0x65, 0x66, 0x6c, 0x65, 
0x63, 0x74, 0x2f, 0x50, 0x72, 0x6f, 0x78, 0x79, 0x3b, 0x00, 0x15, 0x4c, 0x6a, 0x61, 0x76, 0x61, 
0x2f, 0x75, 0x74, 0x69, 0x6c, 0x2f, 0x41, 0x72, 0x72, 0x61, 0x79, 0x4c, 0x69, 0x73, 0x74, 0x3b, 
0x00, 0x14, 0x4c, 0x6a, 0x61, 0x76, 0x61, 0x2f, 0x75, 0x74, 0x69, 0x6c, 0x2f, 0x49, 0x74, 0x65, 
0x72, 0x61, 0x74, 0x6f, 0x72, 0x3b, 0x00, 0x10, 0x4c, 0x6a, 0x61, 0x76, 0x61, 0x2f, 0x75, 0x74, 
0x69, 0x6c, 0x2f, 0x4c, 0x69, 0x73, 0x74, 0x3b, 0x00, 0x12, 0x4c, 0x6a, 0x61, 0x76, 0x61, 0x2f, 
0x75, 0x74, 0x69, 0x6c, 0x2f, 0x4c, 0x6f, 0x63, 0x61, 0x6c, 0x65, 0x3b, 0x00, 0x2b, 0x4c, 0x6a, 
0x61, 0x76, 0x61, 0x2f, 0x75, 0x74, 0x69, 0x6c, 0x2f, 0x63, 0x6f, 0x6e, 0x63, 0x75, 0x72, 0x72, 
0x65, 0x6e, 0x74, 0x2f, 0x61, 0x74, 0x6f, 0x6d, 0x69, 0x63, 0x2f, 0x41, 0x74, 0x6f, 0x6d, 0x69, 
0x63, 0x49, 0x6e, 0x74, 0x65, 0x67, 0x65, 0x72, 0x3b, 0x00, 0x19, 0x4c, 0x6a, 0x61, 0x76, 0x61, 
0x2f, 0x75, 0x74, 0x69, 0x6c, 0x2f, 0x72, 0x65, 0x67, 0x65, 0x78, 0x2f, 0x4d, 0x61, 0x74, 0x63, 
0x68, 0x65, 0x72, 0x3b, 0x00, 0x19, 0x4c, 0x6a, 0x61, 0x76, 0x61, 0x2f, 0x75, 0x74, 0x69, 0x6c, 
0x2f, 0x72, 0x65, 0x67, 0x65, 0x78, 0x2f, 0x50, 0x61, 0x74, 0x74, 0x65, 0x72, 0x6e, 0x3b, 0x00, 
0x15, 0x4c, 0x6f, 0x72, 0x67, 0x2f, 0x6a, 0x73, 0x6f, 0x6e, 0x2f, 0x4a, 0x53, 0x4f, 0x4e, 0x4f, 
0x62, 0x6a, 0x65, 0x63, 0x74, 0x3b, 0x00, 0x0e, 0x4d, 0x41, 0x58, 0x5f, 0x53, 0x43, 0x41, 0x4e, 
0x5f, 0x44, 0x45, 0x50, 0x54, 0x48, 0x00, 0x0e, 0x4d, 0x41, 0x58, 0x5f, 0x53, 0x43, 0x41, 0x4e, 
0x5f, 0x56, 0x49, 0x45, 0x57, 0x53, 0x00, 0x0d, 0x50, 0x4f, 0x57, 0x45, 0x52, 0x5f, 0x43, 0x4f, 
0x55, 0x4e, 0x54, 0x45, 0x52, 0x00, 0x0b, 0x50, 0x4f, 0x57, 0x45, 0x52, 0x5f, 0x45, 0x56, 0x45, 
0x4e, 0x54, 0x00, 0x0a, 0x50, 0x4f, 0x57, 0x45, 0x52, 0x5f, 0x4c, 0x49, 0x56, 0x45, 0x00, 0x0c, 
0x52, 0x49, 0x47, 0x48, 0x54, 0x5f, 0x50, 0x41, 0x44, 0x5f, 0x44, 0x50, 0x00, 0x04, 0x52, 0x4f, 
0x4f, 0x54, 0x00, 0x07, 0x52, 0x55, 0x4e, 0x54, 0x49, 0x4d, 0x45, 0x00, 0x10, 0x52, 0x65, 0x63, 
0x65, 0x69, 0x76, 0x65, 0x72, 0x20, 0x65, 0x72, 0x72, 0x6f, 0x72, 0x3a, 0x20, 0x00, 0x10, 0x52, 
0x65, 0x66, 0x72, 0x65, 0x73, 0x68, 0x20, 0x66, 0x61, 0x69, 0x6c, 0x65, 0x64, 0x3a, 0x20, 0x00, 
0x0a, 0x53, 0x41, 0x4e, 0x53, 0x5f, 0x53, 0x45, 0x52, 0x49, 0x46, 0x00, 0x07, 0x53, 0x44, 0x4b, 
0x5f, 0x49, 0x4e, 0x54, 0x00, 0x0b, 0x53, 0x59, 0x53, 0x5f, 0x43, 0x55, 0x52, 0x52, 0x45, 0x4e, 
0x54, 0x00, 0x03, 0x54, 0x41, 0x47, 0x00, 0x04, 0x54, 0x59, 0x50, 0x45, 0x00, 0x01, 0x56, 0x00, 
0x03, 0x56, 0x44, 0x5a, 0x00, 0x02, 0x56, 0x46, 0x00, 0x02, 0x56, 0x49, 0x00, 0x08, 0x56, 0x49, 
0x45, 0x57, 0x5f, 0x54, 0x41, 0x47, 0x00, 0x03, 0x56, 0x49, 0x49, 0x00, 0x03, 0x56, 0x49, 0x4c, 
0x00, 0x03, 0x56, 0x49, 0x5a, 0x00, 0x02, 0x56, 0x4c, 0x00, 0x03, 0x56, 0x4c, 0x44, 0x00, 0x04, 
0x56, 0x4c, 0x44, 0x49, 0x00, 0x04, 0x56, 0x4c, 0x44, 0x5a, 0x00, 0x05, 0x56, 0x4c, 0x46, 0x46, 
0x4c, 0x00, 0x03, 0x56, 0x4c, 0x49, 0x00, 0x04, 0x56, 0x4c, 0x49, 0x49, 0x00, 0x04, 0x56, 0x4c, 
0x49, 0x4c, 0x00, 0x03, 0x56, 0x4c, 0x4c, 0x00, 0x04, 0x56, 0x4c, 0x4c, 0x49, 0x00, 0x04, 0x56, 
0x4c, 0x4c, 0x5a, 0x00, 0x03, 0x56, 0x4c, 0x5a, 0x00, 0x02, 0x56, 0x5a, 0x00, 0x0a, 0x56, 0x5a, 
0x46, 0x5a, 0x4c, 0x46, 0x46, 0x46, 0x4c, 0x4c, 0x00, 0x25, 0x56, 0x69, 0x65, 0x77, 0x20, 0x61, 
0x74, 0x74, 0x61, 0x63, 0x68, 0x65, 0x64, 0x20, 0x6e, 0x65, 0x78, 0x74, 0x20, 0x74, 0x6f, 0x20, 
0x63, 0x6c, 0x6f, 0x63, 0x6b, 0x20, 0x61, 0x74, 0x20, 0x69, 0x6e, 0x64, 0x65, 0x78, 0x20, 0x00, 
0x01, 0x57, 0x00, 0x2c, 0x57, 0x69, 0x6e, 0x64, 0x6f, 0x77, 0x4d, 0x61, 0x6e, 0x61, 0x67, 0x65, 
0x72, 0x47, 0x6c, 0x6f, 0x62, 0x61, 0x6c, 0x20, 0x72, 0x65, 0x66, 0x6c, 0x65, 0x63, 0x74, 0x69, 
0x6f, 0x6e, 0x20, 0x75, 0x6e, 0x61, 0x76, 0x61, 0x69, 0x6c, 0x61, 0x62, 0x6c, 0x65, 0x3a, 0x20, 
0x00, 0x01, 0x5a, 0x00, 0x02, 0x5a, 0x44, 0x00, 0x02, 0x5a, 0x4c, 0x00, 0x03, 0x5a, 0x4c, 0x4a, 
0x00, 0x03, 0x5a, 0x4c, 0x5a, 0x00, 0x02, 0x5b, 0x42, 0x00, 0x02, 0x5b, 0x49, 0x00, 0x12, 0x5b, 
0x4c, 0x6a, 0x61, 0x76, 0x61, 0x2f, 0x6c, 0x61, 0x6e, 0x67, 0x2f, 0x43, 0x6c, 0x61, 0x73, 0x73, 
0x3b, 0x00, 0x13, 0x5b, 0x4c, 0x6a, 0x61, 0x76, 0x61, 0x2f, 0x6c, 0x61, 0x6e, 0x67, 0x2f, 0x4f, 
0x62, 0x6a, 0x65, 0x63, 0x74, 0x3b, 0x00, 0x13, 0x5b, 0x4c, 0x6a, 0x61, 0x76, 0x61, 0x2f, 0x6c, 
0x61, 0x6e, 0x67, 0x2f, 0x53, 0x74, 0x72, 0x69, 0x6e, 0x67, 0x3b, 0x00, 0x2c, 0x5e, 0x5c, 0x64, 
0x7b, 0x31, 0x2c, 0x32, 0x7d, 0x3a, 0x5c, 0x64, 0x7b, 0x32, 0x7d, 0x28, 0x3f, 0x3a, 0x3a, 0x5c, 
0x64, 0x7b, 0x32, 0x7d, 0x29, 0x3f, 0x28, 0x3f, 0x3a, 0x5c, 0x73, 0x2a, 0x5b, 0x41, 0x61, 0x50, 
0x70, 0x5d, 0x5b, 0x4d, 0x6d, 0x5d, 0x29, 0x3f, 0x24, 0x00, 0x03, 0x61, 0x62, 0x73, 0x00, 0x0b, 
0x61, 0x63, 0x63, 0x65, 0x73, 0x73, 0x46, 0x6c, 0x61, 0x67, 0x73, 0x00, 0x03, 0x61, 0x64, 0x64, 
0x00, 0x09, 0x61, 0x64, 0x64, 0x41, 0x63, 0x74, 0x69, 0x6f, 0x6e, 0x00, 0x0f, 0x61, 0x64, 0x64, 
0x44, 0x61, 0x72, 0x6b, 0x52, 0x65, 0x63, 0x65, 0x69, 0x76, 0x65, 0x72, 0x00, 0x1e, 0x61, 0x64, 
0x64, 0x4f, 0x6e, 0x41, 0x74, 0x74, 0x61, 0x63, 0x68, 0x53, 0x74, 0x61, 0x74, 0x65, 0x43, 0x68, 
0x61, 0x6e, 0x67, 0x65, 0x4c, 0x69, 0x73, 0x74, 0x65, 0x6e, 0x65, 0x72, 0x00, 0x0d, 0x61, 0x64, 
0x64, 0x53, 0x75, 0x70, 0x70, 0x72, 0x65, 0x73, 0x73, 0x65, 0x64, 0x00, 0x07, 0x61, 0x64, 0x64, 
0x56, 0x69, 0x65, 0x77, 0x00, 0x25, 0x61, 0x6e, 0x64, 0x72, 0x6f, 0x69, 0x64, 0x2e, 0x69, 0x6e, 
0x74, 0x65, 0x6e, 0x74, 0x2e, 0x61, 0x63, 0x74, 0x69, 0x6f, 0x6e, 0x2e, 0x42, 0x41, 0x54, 0x54, 
0x45, 0x52, 0x59, 0x5f, 0x43, 0x48, 0x41, 0x4e, 0x47, 0x45, 0x44, 0x00, 0x2b, 0x61, 0x6e, 0x64, 
0x72, 0x6f, 0x69, 0x64, 0x2e, 0x69, 0x6e, 0x74, 0x65, 0x6e, 0x74, 0x2e, 0x61, 0x63, 0x74, 0x69, 
0x6f, 0x6e, 0x2e, 0x43, 0x4f, 0x4e, 0x46, 0x49, 0x47, 0x55, 0x52, 0x41, 0x54, 0x49, 0x4f, 0x4e, 
0x5f, 0x43, 0x48, 0x41, 0x4e, 0x47, 0x45, 0x44, 0x00, 0x20, 0x61, 0x6e, 0x64, 0x72, 0x6f, 0x69, 
0x64, 0x2e, 0x69, 0x6e, 0x74, 0x65, 0x6e, 0x74, 0x2e, 0x61, 0x63, 0x74, 0x69, 0x6f, 0x6e, 0x2e, 
0x53, 0x43, 0x52, 0x45, 0x45, 0x4e, 0x5f, 0x4f, 0x46, 0x46, 0x00, 0x1f, 0x61, 0x6e, 0x64, 0x72, 
0x6f, 0x69, 0x64, 0x2e, 0x69, 0x6e, 0x74, 0x65, 0x6e, 0x74, 0x2e, 0x61, 0x63, 0x74, 0x69, 0x6f, 
0x6e, 0x2e, 0x53, 0x43, 0x52, 0x45, 0x45, 0x4e, 0x5f, 0x4f, 0x4e, 0x00, 0x22, 0x61, 0x6e, 0x64, 
0x72, 0x6f, 0x69, 0x64, 0x2e, 0x69, 0x6e, 0x74, 0x65, 0x6e, 0x74, 0x2e, 0x61, 0x63, 0x74, 0x69, 
0x6f, 0x6e, 0x2e, 0x55, 0x53, 0x45, 0x52, 0x5f, 0x50, 0x52, 0x45, 0x53, 0x45, 0x4e, 0x54, 0x00, 
0x20, 0x61, 0x6e, 0x64, 0x72, 0x6f, 0x69, 0x64, 0x2e, 0x76, 0x69, 0x65, 0x77, 0x2e, 0x57, 0x69, 
0x6e, 0x64, 0x6f, 0x77, 0x4d, 0x61, 0x6e, 0x61, 0x67, 0x65, 0x72, 0x47, 0x6c, 0x6f, 0x62, 0x61, 
0x6c, 0x00, 0x06, 0x61, 0x70, 0x70, 0x65, 0x6e, 0x64, 0x00, 0x0b, 0x61, 0x70, 0x70, 0x65, 0x6e, 
0x64, 0x46, 0x69, 0x78, 0x65, 0x64, 0x00, 0x0e, 0x61, 0x70, 0x70, 0x6c, 0x79, 0x44, 0x69, 0x6d, 
0x65, 0x6e, 0x73, 0x69, 0x6f, 0x6e, 0x00, 0x13, 0x62, 0x61, 0x74, 0x74, 0x6d, 0x6f, 0x6e, 0x5f, 
0x73, 0x74, 0x61, 0x74, 0x75, 0x73, 0x5f, 0x76, 0x69, 0x65, 0x77, 0x00, 0x09, 0x62, 0x6f, 0x6c, 
0x64, 0x5f, 0x66, 0x6f, 0x6e, 0x74, 0x00, 0x06, 0x62, 0x6f, 0x74, 0x74, 0x6f, 0x6d, 0x00, 0x0a, 
0x62, 0x75, 0x69, 0x6c, 0x64, 0x4c, 0x69, 0x6e, 0x65, 0x73, 0x00, 0x06, 0x63, 0x61, 0x6e, 0x63, 
0x65, 0x6c, 0x00, 0x04, 0x63, 0x65, 0x69, 0x6c, 0x00, 0x0e, 0x63, 0x68, 0x61, 0x72, 0x67, 0x65, 
0x5f, 0x63, 0x6f, 0x75, 0x6e, 0x74, 0x65, 0x72, 0x00, 0x0d, 0x63, 0x68, 0x61, 0x72, 0x67, 0x69, 
0x6e, 0x67, 0x5f, 0x6f, 0x6e, 0x6c, 0x79, 0x00, 0x05, 0x63, 0x6c, 0x6f, 0x63, 0x6b, 0x00, 0x05, 
0x63, 0x6c, 0x6f, 0x73, 0x65, 0x00, 0x1f, 0x63, 0x6f, 0x6d, 0x2e, 0x61, 0x6e, 0x64, 0x72, 0x6f, 
0x69, 0x64, 0x2e, 0x73, 0x79, 0x73, 0x74, 0x65, 0x6d, 0x75, 0x69, 0x2e, 0x44, 0x65, 0x70, 0x65, 
0x6e, 0x64, 0x65, 0x6e, 0x63, 0x79, 0x00, 0x2f, 0x63, 0x6f, 0x6d, 0x2e, 0x61, 0x6e, 0x64, 0x72, 
0x6f, 0x69, 0x64, 0x2e, 0x73, 0x79, 0x73, 0x74, 0x65, 0x6d, 0x75, 0x69, 0x2e, 0x70, 0x6c, 0x75, 
0x67, 0x69, 0x6e, 0x73, 0x2e, 0x44, 0x61, 0x72, 0x6b, 0x49, 0x63, 0x6f, 0x6e, 0x44, 0x69, 0x73, 
0x70, 0x61, 0x74, 0x63, 0x68, 0x65, 0x72, 0x00, 0x3c, 0x63, 0x6f, 0x6d, 0x2e, 0x61, 0x6e, 0x64, 
0x72, 0x6f, 0x69, 0x64, 0x2e, 0x73, 0x79, 0x73, 0x74, 0x65, 0x6d, 0x75, 0x69, 0x2e, 0x70, 0x6c, 
0x75, 0x67, 0x69, 0x6e, 0x73, 0x2e, 0x44, 0x61, 0x72, 0x6b, 0x49, 0x63, 0x6f, 0x6e, 0x44, 0x69, 
0x73, 0x70, 0x61, 0x74, 0x63, 0x68, 0x65, 0x72, 0x24, 0x44, 0x61, 0x72, 0x6b, 0x52, 0x65, 0x63, 
0x65, 0x69, 0x76, 0x65, 0x72, 0x00, 0x07, 0x63, 0x6f, 0x6d, 0x70, 0x69, 0x6c, 0x65, 0x00, 0x0b, 
0x63, 0x6f, 0x6e, 0x66, 0x69, 0x67, 0x2e, 0x6a, 0x73, 0x6f, 0x6e, 0x00, 0x09, 0x63, 0x6f, 0x6e, 
0x66, 0x69, 0x67, 0x75, 0x72, 0x65, 0x00, 0x08, 0x63, 0x6f, 0x6e, 0x74, 0x61, 0x69, 0x6e, 0x73, 
0x00, 0x0c, 0x63, 0x6f, 0x6e, 0x74, 0x65, 0x6e, 0x74, 0x5f, 0x6d, 0x6f, 0x64, 0x65, 0x00, 0x07, 
0x63, 0x6f, 0x75, 0x6e, 0x74, 0x65, 0x72, 0x00, 0x06, 0x63, 0x72, 0x65, 0x61, 0x74, 0x65, 0x00, 
0x0e, 0x63, 0x72, 0x65, 0x61, 0x74, 0x65, 0x46, 0x72, 0x6f, 0x6d, 0x46, 0x69, 0x6c, 0x65, 0x00, 
0x01, 0x64, 0x00, 0x07, 0x64, 0x65, 0x6e, 0x73, 0x69, 0x74, 0x79, 0x00, 0x07, 0x64, 0x69, 0x73, 
0x61, 0x62, 0x6c, 0x65, 0x00, 0x08, 0x64, 0x72, 0x61, 0x77, 0x54, 0x65, 0x78, 0x74, 0x00, 0x09, 
0x64, 0x75, 0x61, 0x6c, 0x5f, 0x6c, 0x69, 0x6e, 0x65, 0x00, 0x01, 0x65, 0x00, 0x0f, 0x65, 0x6c, 
0x61, 0x70, 0x73, 0x65, 0x64, 0x52, 0x65, 0x61, 0x6c, 0x74, 0x69, 0x6d, 0x65, 0x00, 0x07, 0x65, 
0x6e, 0x61, 0x62, 0x6c, 0x65, 0x64, 0x00, 0x0c, 0x65, 0x6e, 0x73, 0x75, 0x72, 0x65, 0x54, 0x68, 
0x72, 0x65, 0x61, 0x64, 0x00, 0x06, 0x65, 0x71, 0x75, 0x61, 0x6c, 0x73, 0x00, 0x10, 0x65, 0x71, 
0x75, 0x61, 0x6c, 0x73, 0x49, 0x67, 0x6e, 0x6f, 0x72, 0x65, 0x43, 0x61, 0x73, 0x65, 0x00, 0x05, 
0x65, 0x76, 0x65, 0x6e, 0x74, 0x00, 0x08, 0x65, 0x76, 0x65, 0x6e, 0x74, 0x5f, 0x69, 0x6f, 0x00, 
0x06, 0x65, 0x78, 0x69, 0x73, 0x74, 0x73, 0x00, 0x03, 0x66, 0x24, 0x30, 0x00, 0x0d, 0x66, 0x69, 
0x6e, 0x64, 0x43, 0x6c, 0x6f, 0x63, 0x6b, 0x56, 0x69, 0x65, 0x77, 0x00, 0x0f, 0x66, 0x69, 0x6e, 
0x64, 0x56, 0x69, 0x65, 0x77, 0x57, 0x69, 0x74, 0x68, 0x54, 0x61, 0x67, 0x00, 0x0c, 0x66, 0x6f, 
0x6e, 0x74, 0x5f, 0x73, 0x69, 0x7a, 0x65, 0x5f, 0x73, 0x70, 0x00, 0x07, 0x66, 0x6f, 0x72, 0x4e, 
0x61, 0x6d, 0x65, 0x00, 0x06, 0x66, 0x6f, 0x72, 0x6d, 0x61, 0x74, 0x00, 0x0f, 0x66, 0x6f, 0x72, 
0x6d, 0x61, 0x74, 0x4d, 0x69, 0x6c, 0x6c, 0x69, 0x41, 0x6d, 0x70, 0x73, 0x00, 0x0a, 0x66, 0x6f, 
0x72, 0x6d, 0x61, 0x74, 0x54, 0x65, 0x6d, 0x70, 0x00, 0x0b, 0x66, 0x6f, 0x72, 0x6d, 0x61, 0x74, 
0x57, 0x61, 0x74, 0x74, 0x73, 0x00, 0x03, 0x67, 0x65, 0x74, 0x00, 0x09, 0x67, 0x65, 0x74, 0x41, 
0x63, 0x74, 0x69, 0x6f, 0x6e, 0x00, 0x15, 0x67, 0x65, 0x74, 0x41, 0x70, 0x70, 0x6c, 0x69, 0x63, 
0x61, 0x74, 0x69, 0x6f, 0x6e, 0x43, 0x6f, 0x6e, 0x74, 0x65, 0x78, 0x74, 0x00, 0x0a, 0x67, 0x65, 
0x74, 0x43, 0x68, 0x69, 0x6c, 0x64, 0x41, 0x74, 0x00, 0x0d, 0x67, 0x65, 0x74, 0x43, 0x68, 0x69, 
0x6c, 0x64, 0x43, 0x6f, 0x75, 0x6e, 0x74, 0x00, 0x0e, 0x67, 0x65, 0x74, 0x43, 0x6c, 0x61, 0x73, 
0x73, 0x4c, 0x6f, 0x61, 0x64, 0x65, 0x72, 0x00, 0x0a, 0x67, 0x65, 0x74, 0x43, 0x6f, 0x6e, 0x74, 
0x65, 0x78, 0x74, 0x00, 0x13, 0x67, 0x65, 0x74, 0x43, 0x75, 0x72, 0x72, 0x65, 0x6e, 0x74, 0x54, 
0x65, 0x78, 0x74, 0x43, 0x6f, 0x6c, 0x6f, 0x72, 0x00, 0x10, 0x67, 0x65, 0x74, 0x44, 0x65, 0x63, 
0x6c, 0x61, 0x72, 0x65, 0x64, 0x46, 0x69, 0x65, 0x6c, 0x64, 0x00, 0x11, 0x67, 0x65, 0x74, 0x44, 
0x65, 0x63, 0x6c, 0x61, 0x72, 0x65, 0x64, 0x4d, 0x65, 0x74, 0x68, 0x6f, 0x64, 0x00, 0x11, 0x67, 
0x65, 0x74, 0x44, 0x69, 0x73, 0x70, 0x6c, 0x61, 0x79, 0x4d, 0x65, 0x74, 0x72, 0x69, 0x63, 0x73, 
0x00, 0x0e, 0x67, 0x65, 0x74, 0x46, 0x6f, 0x6e, 0x74, 0x4d, 0x65, 0x74, 0x72, 0x69, 0x63, 0x73, 
0x00, 0x05, 0x67, 0x65, 0x74, 0x49, 0x64, 0x00, 0x0b, 0x67, 0x65, 0x74, 0x49, 0x6e, 0x73, 0x74, 
0x61, 0x6e, 0x63, 0x65, 0x00, 0x0b, 0x67, 0x65, 0x74, 0x49, 0x6e, 0x74, 0x45, 0x78, 0x74, 0x72, 
0x61, 0x00, 0x09, 0x67, 0x65, 0x74, 0x4c, 0x6f, 0x6f, 0x70, 0x65, 0x72, 0x00, 0x0d, 0x67, 0x65, 
0x74, 0x4d, 0x61, 0x69, 0x6e, 0x4c, 0x6f, 0x6f, 0x70, 0x65, 0x72, 0x00, 0x0a, 0x67, 0x65, 0x74, 
0x4d, 0x65, 0x73, 0x73, 0x61, 0x67, 0x65, 0x00, 0x09, 0x67, 0x65, 0x74, 0x4d, 0x65, 0x74, 0x68, 
0x6f, 0x64, 0x00, 0x07, 0x67, 0x65, 0x74, 0x4e, 0x61, 0x6d, 0x65, 0x00, 0x09, 0x67, 0x65, 0x74, 
0x50, 0x61, 0x72, 0x65, 0x6e, 0x74, 0x00, 0x14, 0x67, 0x65, 0x74, 0x52, 0x65, 0x73, 0x6f, 0x75, 
0x72, 0x63, 0x65, 0x45, 0x6e, 0x74, 0x72, 0x79, 0x4e, 0x61, 0x6d, 0x65, 0x00, 0x0c, 0x67, 0x65, 
0x74, 0x52, 0x65, 0x73, 0x6f, 0x75, 0x72, 0x63, 0x65, 0x73, 0x00, 0x10, 0x67, 0x65, 0x74, 0x53, 
0x79, 0x73, 0x74, 0x65, 0x6d, 0x53, 0x65, 0x72, 0x76, 0x69, 0x63, 0x65, 0x00, 0x07, 0x67, 0x65, 
0x74, 0x54, 0x65, 0x78, 0x74, 0x00, 0x0c, 0x67, 0x65, 0x74, 0x54, 0x65, 0x78, 0x74, 0x43, 0x6f, 
0x6c, 0x6f, 0x72, 0x00, 0x0b, 0x67, 0x65, 0x74, 0x54, 0x79, 0x70, 0x65, 0x66, 0x61, 0x63, 0x65, 
0x00, 0x0d, 0x67, 0x65, 0x74, 0x56, 0x69, 0x73, 0x69, 0x62, 0x69, 0x6c, 0x69, 0x74, 0x79, 0x00, 
0x07, 0x67, 0x72, 0x61, 0x76, 0x69, 0x74, 0x79, 0x00, 0x08, 0x68, 0x61, 0x73, 0x45, 0x78, 0x74, 
0x72, 0x61, 0x00, 0x07, 0x68, 0x61, 0x73, 0x4e, 0x65, 0x78, 0x74, 0x00, 0x08, 0x68, 0x61, 0x73, 
0x68, 0x43, 0x6f, 0x64, 0x65, 0x00, 0x04, 0x68, 0x69, 0x64, 0x65, 0x00, 0x06, 0x68, 0x6f, 0x6c, 
0x64, 0x65, 0x72, 0x00, 0x01, 0x69, 0x00, 0x10, 0x69, 0x64, 0x65, 0x6e, 0x74, 0x69, 0x74, 0x79, 
0x48, 0x61, 0x73, 0x68, 0x43, 0x6f, 0x64, 0x65, 0x00, 0x0f, 0x69, 0x6e, 0x63, 0x72, 0x65, 0x6d, 
0x65, 0x6e, 0x74, 0x41, 0x6e, 0x64, 0x47, 0x65, 0x74, 0x00, 0x0c, 0x69, 0x6e, 0x64, 0x65, 0x78, 
0x4f, 0x66, 0x43, 0x68, 0x69, 0x6c, 0x64, 0x00, 0x04, 0x69, 0x6e, 0x69, 0x74, 0x00, 0x16, 0x69, 
0x6e, 0x69, 0x74, 0x44, 0x61, 0x72, 0x6b, 0x49, 0x63, 0x6f, 0x6e, 0x44, 0x69, 0x73, 0x70, 0x61, 
0x74, 0x63, 0x68, 0x65, 0x72, 0x00, 0x32, 0x69, 0x6e, 0x6f, 0x74, 0x69, 0x66, 0x79, 0x20, 0x75, 
0x6e, 0x61, 0x76, 0x61, 0x69, 0x6c, 0x61, 0x62, 0x6c, 0x65, 0x2c, 0x20, 0x75, 0x73, 0x69, 0x6e, 
0x67, 0x20, 0x74, 0x68, 0x72, 0x6f, 0x74, 0x74, 0x6c, 0x65, 0x64, 0x20, 0x6d, 0x74, 0x69, 0x6d, 
0x65, 0x20, 0x63, 0x68, 0x65, 0x63, 0x6b, 0x3a, 0x20, 0x00, 0x08, 0x69, 0x6e, 0x74, 0x56, 0x61, 
0x6c, 0x75, 0x65, 0x00, 0x0a, 0x69, 0x6e, 0x76, 0x61, 0x6c, 0x69, 0x64, 0x61, 0x74, 0x65, 0x00, 
0x06, 0x69, 0x6e, 0x76, 0x6f, 0x6b, 0x65, 0x00, 0x12, 0x69, 0x73, 0x41, 0x74, 0x74, 0x61, 0x63, 
0x68, 0x65, 0x64, 0x54, 0x6f, 0x57, 0x69, 0x6e, 0x64, 0x6f, 0x77, 0x00, 0x0a, 0x69, 0x73, 0x43, 
0x68, 0x61, 0x72, 0x67, 0x69, 0x6e, 0x67, 0x00, 0x0b, 0x69, 0x73, 0x43, 0x6c, 0x6f, 0x63, 0x6b, 
0x54, 0x65, 0x78, 0x74, 0x00, 0x0b, 0x69, 0x73, 0x44, 0x69, 0x72, 0x65, 0x63, 0x74, 0x6f, 0x72, 
0x79, 0x00, 0x07, 0x69, 0x73, 0x45, 0x6d, 0x70, 0x74, 0x79, 0x00, 0x0d, 0x69, 0x73, 0x49, 0x6e, 
0x74, 0x65, 0x72, 0x61, 0x63, 0x74, 0x69, 0x76, 0x65, 0x00, 0x05, 0x69, 0x73, 0x4e, 0x61, 0x4e, 
0x00, 0x08, 0x69, 0x74, 0x65, 0x72, 0x61, 0x74, 0x6f, 0x72, 0x00, 0x1f, 0x6c, 0x61, 0x6d, 0x62, 
0x64, 0x61, 0x24, 0x69, 0x6e, 0x69, 0x74, 0x44, 0x61, 0x72, 0x6b, 0x49, 0x63, 0x6f, 0x6e, 0x44, 
0x69, 0x73, 0x70, 0x61, 0x74, 0x63, 0x68, 0x65, 0x72, 0x24, 0x30, 0x00, 0x0c, 0x6c, 0x61, 0x73, 
0x74, 0x4d, 0x6f, 0x64, 0x69, 0x66, 0x69, 0x65, 0x64, 0x00, 0x0b, 0x6c, 0x61, 0x79, 0x6f, 0x75, 
0x74, 0x5f, 0x6d, 0x6f, 0x64, 0x65, 0x00, 0x06, 0x6c, 0x65, 0x6e, 0x67, 0x74, 0x68, 0x00, 0x04, 
0x6c, 0x69, 0x76, 0x65, 0x00, 0x0a, 0x6c, 0x6f, 0x61, 0x64, 0x43, 0x6f, 0x6e, 0x66, 0x69, 0x67, 
0x00, 0x01, 0x6d, 0x00, 0x02, 0x6d, 0x41, 0x00, 0x0f, 0x6d, 0x41, 0x74, 0x74, 0x61, 0x63, 0x68, 
0x4c, 0x69, 0x73, 0x74, 0x65, 0x6e, 0x65, 0x72, 0x00, 0x0e, 0x6d, 0x41, 0x74, 0x74, 0x61, 0x63, 
0x68, 0x50, 0x65, 0x6e, 0x64, 0x69, 0x6e, 0x67, 0x00, 0x0f, 0x6d, 0x41, 0x74, 0x74, 0x61, 0x63, 
0x68, 0x52, 0x75, 0x6e, 0x6e, 0x61, 0x62, 0x6c, 0x65, 0x00, 0x0c, 0x6d, 0x41, 0x74, 0x74, 0x61, 
0x63, 0x68, 0x54, 0x72, 0x69, 0x65, 0x73, 0x00, 0x0f, 0x6d, 0x42, 0x61, 0x73, 0x65, 0x6c, 0x69, 
0x6e, 0x65, 0x42, 0x6f, 0x74, 0x74, 0x6f, 0x6d, 0x00, 0x0c, 0x6d, 0x42, 0x61, 0x73, 0x65, 0x6c, 
0x69, 0x6e, 0x65, 0x54, 0x6f, 0x70, 0x00, 0x09, 0x6d, 0x42, 0x6f, 0x6c, 0x64, 0x46, 0x6f, 0x6e, 
0x74, 0x00, 0x07, 0x6d, 0x42, 0x6f, 0x74, 0x74, 0x6f, 0x6d, 0x00, 0x05, 0x6d, 0x42, 0x75, 0x73, 
0x79, 0x00, 0x0d, 0x6d, 0x43, 0x68, 0x61, 0x72, 0x67, 0x69, 0x6e, 0x67, 0x4f, 0x6e, 0x6c, 0x79, 
0x00, 0x06, 0x6d, 0x43, 0x6c, 0x6f, 0x63, 0x6b, 0x00, 0x06, 0x6d, 0x43, 0x6f, 0x6c, 0x6f, 0x72, 
0x00, 0x09, 0x6d, 0x43, 0x6f, 0x6c, 0x6f, 0x72, 0x53, 0x65, 0x74, 0x00, 0x0f, 0x6d, 0x43, 0x6f, 
0x6e, 0x66, 0x69, 0x67, 0x4f, 0x62, 0x73, 0x65, 0x72, 0x76, 0x65, 0x72, 0x00, 0x0c, 0x6d, 0x43, 
0x6f, 0x6e, 0x74, 0x65, 0x6e, 0x74, 0x4d, 0x6f, 0x64, 0x65, 0x00, 0x08, 0x6d, 0x43, 0x6f, 0x6e, 
0x74, 0x65, 0x78, 0x74, 0x00, 0x14, 0x6d, 0x43, 0x6f, 0x75, 0x6e, 0x74, 0x65, 0x72, 0x41, 0x6e, 
0x63, 0x68, 0x6f, 0x72, 0x53, 0x74, 0x69, 0x63, 0x6b, 0x79, 0x00, 0x0c, 0x6d, 0x43, 0x6f, 0x75, 
0x6e, 0x74, 0x65, 0x72, 0x41, 0x74, 0x4d, 0x73, 0x00, 0x0b, 0x6d, 0x43, 0x6f, 0x75, 0x6e, 0x74, 
0x65, 0x72, 0x55, 0x61, 0x68, 0x00, 0x10, 0x6d, 0x43, 0x75, 0x72, 0x72, 0x65, 0x6e, 0x74, 0x43, 
0x61, 0x6c, 0x6c, 0x62, 0x61, 0x63, 0x6b, 0x00, 0x0a, 0x6d, 0x43, 0x75, 0x72, 0x72, 0x65, 0x6e, 
0x74, 0x4d, 0x61, 0x00, 0x08, 0x6d, 0x44, 0x65, 0x6e, 0x73, 0x69, 0x74, 0x79, 0x00, 0x05, 0x6d, 
0x44, 0x75, 0x61, 0x6c, 0x00, 0x09, 0x6d, 0x44, 0x75, 0x61, 0x6c, 0x4c, 0x69, 0x6e, 0x65, 0x00, 
0x08, 0x6d, 0x45, 0x6e, 0x61, 0x62, 0x6c, 0x65, 0x64, 0x00, 0x0b, 0x6d, 0x46, 0x6f, 0x6e, 0x74, 
0x53, 0x69, 0x7a, 0x65, 0x53, 0x70, 0x00, 0x0b, 0x6d, 0x47, 0x65, 0x6e, 0x65, 0x72, 0x61, 0x74, 
0x69, 0x6f, 0x6e, 0x00, 0x0e, 0x6d, 0x47, 0x65, 0x6f, 0x6d, 0x65, 0x74, 0x72, 0x79, 0x44, 0x69, 
0x72, 0x74, 0x79, 0x00, 0x08, 0x6d, 0x48, 0x61, 0x6e, 0x64, 0x6c, 0x65, 0x72, 0x00, 0x0c, 0x6d, 
0x48, 0x61, 0x76, 0x65, 0x42, 0x61, 0x74, 0x74, 0x65, 0x72, 0x79, 0x00, 0x0c, 0x6d, 0x48, 0x61, 
0x76, 0x65, 0x43, 0x6f, 0x75, 0x6e, 0x74, 0x65, 0x72, 0x00, 0x0c, 0x6d, 0x48, 0x61, 0x76, 0x65, 
0x43, 0x75, 0x72, 0x72, 0x65, 0x6e, 0x74, 0x00, 0x11, 0x6d, 0x4c, 0x61, 0x73, 0x74, 0x42, 0x61, 
0x74, 0x74, 0x65, 0x72, 0x79, 0x4c, 0x6f, 0x67, 0x4d, 0x73, 0x00, 0x12, 0x6d, 0x4c, 0x61, 0x73, 
0x74, 0x43, 0x6f, 0x6e, 0x66, 0x69, 0x67, 0x43, 0x68, 0x65, 0x63, 0x6b, 0x4d, 0x73, 0x00, 0x10, 
0x6d, 0x4c, 0x61, 0x73, 0x74, 0x43, 0x6f, 0x6e, 0x66, 0x69, 0x67, 0x4d, 0x74, 0x69, 0x6d, 0x65, 
0x00, 0x0a, 0x6d, 0x4c, 0x61, 0x73, 0x74, 0x4c, 0x6f, 0x67, 0x4d, 0x73, 0x00, 0x0b, 0x6d, 0x4c, 
0x69, 0x6e, 0x65, 0x42, 0x6f, 0x74, 0x74, 0x6f, 0x6d, 0x00, 0x08, 0x6d, 0x4c, 0x69, 0x6e, 0x65, 
0x54, 0x6f, 0x70, 0x00, 0x0f, 0x6d, 0x4c, 0x69, 0x76, 0x65, 0x49, 0x6e, 0x74, 0x65, 0x72, 0x76, 
0x61, 0x6c, 0x4d, 0x73, 0x00, 0x10, 0x6d, 0x4c, 0x69, 0x76, 0x65, 0x53, 0x74, 0x61, 0x62, 0x6c, 
0x65, 0x43, 0x6f, 0x75, 0x6e, 0x74, 0x00, 0x05, 0x6d, 0x4d, 0x61, 0x69, 0x6e, 0x00, 0x0a, 0x6d, 
0x4d, 0x65, 0x61, 0x73, 0x75, 0x72, 0x65, 0x64, 0x48, 0x00, 0x0a, 0x6d, 0x4d, 0x65, 0x61, 0x73, 
0x75, 0x72, 0x65, 0x64, 0x57, 0x00, 0x10, 0x6d, 0x4f, 0x62, 0x73, 0x65, 0x72, 0x76, 0x65, 0x72, 
0x52, 0x75, 0x6e, 0x6e, 0x69, 0x6e, 0x67, 0x00, 0x0a, 0x6d, 0x50, 0x61, 0x64, 0x4c, 0x65, 0x66, 
0x74, 0x44, 0x70, 0x00, 0x0a, 0x6d, 0x50, 0x61, 0x64, 0x4c, 0x65, 0x66, 0x74, 0x50, 0x78, 0x00, 
0x0b, 0x6d, 0x50, 0x61, 0x64, 0x52, 0x69, 0x67, 0x68, 0x74, 0x44, 0x70, 0x00, 0x09, 0x6d, 0x50, 
0x61, 0x64, 0x54, 0x6f, 0x70, 0x44, 0x70, 0x00, 0x09, 0x6d, 0x50, 0x61, 0x64, 0x54, 0x6f, 0x70, 
0x50, 0x78, 0x00, 0x0e, 0x6d, 0x50, 0x61, 0x64, 0x64, 0x69, 0x6e, 0x67, 0x4c, 0x65, 0x66, 0x74, 
0x44, 0x70, 0x00, 0x0f, 0x6d, 0x50, 0x61, 0x64, 0x64, 0x69, 0x6e, 0x67, 0x52, 0x69, 0x67, 0x68, 
0x74, 0x44, 0x70, 0x00, 0x0d, 0x6d, 0x50, 0x61, 0x64, 0x64, 0x69, 0x6e, 0x67, 0x54, 0x6f, 0x70, 
0x44, 0x70, 0x00, 0x06, 0x6d, 0x50, 0x61, 0x69, 0x6e, 0x74, 0x00, 0x08, 0x6d, 0x50, 0x6c, 0x75, 
0x67, 0x67, 0x65, 0x64, 0x00, 0x0c, 0x6d, 0x50, 0x6f, 0x77, 0x65, 0x72, 0x53, 0x6f, 0x75, 0x72, 
0x63, 0x65, 0x00, 0x0a, 0x6d, 0x50, 0x6f, 0x77, 0x65, 0x72, 0x55, 0x6e, 0x69, 0x74, 0x00, 0x09, 
0x6d, 0x52, 0x65, 0x63, 0x65, 0x69, 0x76, 0x65, 0x72, 0x00, 0x0a, 0x6d, 0x52, 0x65, 0x66, 0x72, 
0x65, 0x73, 0x68, 0x4d, 0x73, 0x00, 0x0f, 0x6d, 0x52, 0x65, 0x6c, 0x6f, 0x61, 0x64, 0x52, 0x75, 
0x6e, 0x6e, 0x61, 0x62, 0x6c, 0x65, 0x00, 0x13, 0x6d, 0x53, 0x61, 0x6d, 0x70, 0x6c, 0x65, 0x54, 
0x69, 0x63, 0x6b, 0x52, 0x75, 0x6e, 0x6e, 0x61, 0x62, 0x6c, 0x65, 0x00, 0x08, 0x6d, 0x53, 0x61, 
0x6d, 0x70, 0x6c, 0x65, 0x72, 0x00, 0x0f, 0x6d, 0x53, 0x61, 0x6d, 0x70, 0x6c, 0x69, 0x6e, 0x67, 
0x41, 0x63, 0x74, 0x69, 0x76, 0x65, 0x00, 0x03, 0x6d, 0x53, 0x62, 0x00, 0x09, 0x6d, 0x53, 0x63, 
0x72, 0x65, 0x65, 0x6e, 0x4f, 0x6e, 0x00, 0x07, 0x6d, 0x53, 0x74, 0x61, 0x74, 0x75, 0x73, 0x00, 
0x0e, 0x6d, 0x53, 0x79, 0x73, 0x66, 0x73, 0x46, 0x61, 0x69, 0x6c, 0x75, 0x72, 0x65, 0x73, 0x00, 
0x0b, 0x6d, 0x54, 0x65, 0x6d, 0x70, 0x54, 0x65, 0x6e, 0x74, 0x68, 0x73, 0x00, 0x09, 0x6d, 0x54, 
0x65, 0x6d, 0x70, 0x55, 0x6e, 0x69, 0x74, 0x00, 0x0b, 0x6d, 0x54, 0x65, 0x78, 0x74, 0x53, 0x69, 
0x7a, 0x65, 0x53, 0x70, 0x00, 0x07, 0x6d, 0x54, 0x68, 0x72, 0x65, 0x61, 0x64, 0x00, 0x04, 0x6d, 
0x54, 0x6f, 0x70, 0x00, 0x09, 0x6d, 0x54, 0x79, 0x70, 0x65, 0x66, 0x61, 0x63, 0x65, 0x00, 0x05, 
0x6d, 0x56, 0x69, 0x65, 0x77, 0x00, 0x0f, 0x6d, 0x56, 0x69, 0x65, 0x77, 0x53, 0x74, 0x79, 0x6c, 
0x65, 0x44, 0x69, 0x72, 0x74, 0x79, 0x00, 0x06, 0x6d, 0x56, 0x69, 0x65, 0x77, 0x73, 0x00, 0x0a, 
0x6d, 0x56, 0x6f, 0x6c, 0x74, 0x61, 0x67, 0x65, 0x4d, 0x76, 0x00, 0x0c, 0x6d, 0x57, 0x6f, 0x72, 
0x73, 0x74, 0x42, 0x6f, 0x74, 0x74, 0x6f, 0x6d, 0x00, 0x09, 0x6d, 0x57, 0x6f, 0x72, 0x73, 0x74, 
0x54, 0x6f, 0x70, 0x00, 0x07, 0x6d, 0x61, 0x74, 0x63, 0x68, 0x65, 0x72, 0x00, 0x07, 0x6d, 0x61, 
0x74, 0x63, 0x68, 0x65, 0x73, 0x00, 0x03, 0x6d, 0x61, 0x78, 0x00, 0x18, 0x6d, 0x61, 0x79, 0x62, 
0x65, 0x43, 0x68, 0x65, 0x63, 0x6b, 0x43, 0x6f, 0x6e, 0x66, 0x69, 0x67, 0x46, 0x61, 0x6c, 0x6c, 
0x62, 0x61, 0x63, 0x6b, 0x00, 0x0b, 0x6d, 0x65, 0x61, 0x73, 0x75, 0x72, 0x65, 0x54, 0x65, 0x78, 
0x74, 0x00, 0x06, 0x6d, 0x65, 0x74, 0x68, 0x6f, 0x64, 0x00, 0x03, 0x6d, 0x69, 0x6e, 0x00, 0x04, 
0x6e, 0x61, 0x6d, 0x65, 0x00, 0x10, 0x6e, 0x65, 0x77, 0x50, 0x72, 0x6f, 0x78, 0x79, 0x49, 0x6e, 
0x73, 0x74, 0x61, 0x6e, 0x63, 0x65, 0x00, 0x04, 0x6e, 0x65, 0x78, 0x74, 0x00, 0x10, 0x6f, 0x6e, 
0x42, 0x61, 0x74, 0x74, 0x65, 0x72, 0x79, 0x43, 0x68, 0x61, 0x6e, 0x67, 0x65, 0x64, 0x00, 0x09, 
0x6f, 0x6e, 0x43, 0x75, 0x72, 0x72, 0x65, 0x6e, 0x74, 0x00, 0x0d, 0x6f, 0x6e, 0x44, 0x61, 0x72, 
0x6b, 0x43, 0x68, 0x61, 0x6e, 0x67, 0x65, 0x64, 0x00, 0x06, 0x6f, 0x6e, 0x44, 0x72, 0x61, 0x77, 
0x00, 0x07, 0x6f, 0x6e, 0x45, 0x76, 0x65, 0x6e, 0x74, 0x00, 0x09, 0x6f, 0x6e, 0x4d, 0x65, 0x61, 
0x73, 0x75, 0x72, 0x65, 0x00, 0x09, 0x6f, 0x6e, 0x52, 0x65, 0x63, 0x65, 0x69, 0x76, 0x65, 0x00, 
0x16, 0x6f, 0x6e, 0x56, 0x69, 0x65, 0x77, 0x41, 0x74, 0x74, 0x61, 0x63, 0x68, 0x65, 0x64, 0x54, 
0x6f, 0x57, 0x69, 0x6e, 0x64, 0x6f, 0x77, 0x00, 0x18, 0x6f, 0x6e, 0x56, 0x69, 0x65, 0x77, 0x44, 
0x65, 0x74, 0x61, 0x63, 0x68, 0x65, 0x64, 0x46, 0x72, 0x6f, 0x6d, 0x57, 0x69, 0x6e, 0x64, 0x6f, 
0x77, 0x00, 0x0a, 0x6f, 0x70, 0x74, 0x42, 0x6f, 0x6f, 0x6c, 0x65, 0x61, 0x6e, 0x00, 0x09, 0x6f, 
0x70, 0x74, 0x44, 0x6f, 0x75, 0x62, 0x6c, 0x65, 0x00, 0x06, 0x6f, 0x70, 0x74, 0x49, 0x6e, 0x74, 
0x00, 0x09, 0x6f, 0x70, 0x74, 0x53, 0x74, 0x72, 0x69, 0x6e, 0x67, 0x00, 0x0f, 0x70, 0x61, 0x64, 
0x64, 0x69, 0x6e, 0x67, 0x5f, 0x6c, 0x65, 0x66, 0x74, 0x5f, 0x64, 0x70, 0x00, 0x10, 0x70, 0x61, 
0x64, 0x64, 0x69, 0x6e, 0x67, 0x5f, 0x72, 0x69, 0x67, 0x68, 0x74, 0x5f, 0x64, 0x70, 0x00, 0x0e, 
0x70, 0x61, 0x64, 0x64, 0x69, 0x6e, 0x67, 0x5f, 0x74, 0x6f, 0x70, 0x5f, 0x64, 0x70, 0x00, 0x10, 
0x70, 0x61, 0x72, 0x73, 0x65, 0x50, 0x6f, 0x77, 0x65, 0x72, 0x53, 0x6f, 0x75, 0x72, 0x63, 0x65, 
0x00, 0x07, 0x70, 0x6c, 0x75, 0x67, 0x67, 0x65, 0x64, 0x00, 0x04, 0x70, 0x6f, 0x73, 0x74, 0x00, 
0x0b, 0x70, 0x6f, 0x73, 0x74, 0x44, 0x65, 0x6c, 0x61, 0x79, 0x65, 0x64, 0x00, 0x05, 0x70, 0x6f, 
0x77, 0x65, 0x72, 0x00, 0x0c, 0x70, 0x6f, 0x77, 0x65, 0x72, 0x5f, 0x73, 0x6f, 0x75, 0x72, 0x63, 
0x65, 0x00, 0x0a, 0x70, 0x6f, 0x77, 0x65, 0x72, 0x5f, 0x75, 0x6e, 0x69, 0x74, 0x00, 0x17, 0x70, 
0x72, 0x65, 0x70, 0x61, 0x72, 0x65, 0x57, 0x6f, 0x72, 0x73, 0x74, 0x43, 0x61, 0x73, 0x65, 0x53, 
0x74, 0x72, 0x69, 0x6e, 0x67, 0x73, 0x00, 0x05, 0x70, 0x72, 0x6f, 0x74, 0x6f, 0x00, 0x04, 0x72, 
0x65, 0x61, 0x64, 0x00, 0x08, 0x72, 0x65, 0x61, 0x64, 0x4c, 0x6f, 0x6e, 0x67, 0x00, 0x0e, 0x72, 
0x65, 0x61, 0x64, 0x53, 0x74, 0x72, 0x69, 0x6e, 0x67, 0x46, 0x69, 0x6c, 0x65, 0x00, 0x11, 0x72, 
0x65, 0x63, 0x6f, 0x6d, 0x70, 0x75, 0x74, 0x65, 0x47, 0x65, 0x6f, 0x6d, 0x65, 0x74, 0x72, 0x79, 
0x00, 0x07, 0x72, 0x65, 0x66, 0x72, 0x65, 0x73, 0x68, 0x00, 0x0a, 0x72, 0x65, 0x66, 0x72, 0x65, 
0x73, 0x68, 0x5f, 0x6d, 0x73, 0x00, 0x10, 0x72, 0x65, 0x67, 0x69, 0x73, 0x74, 0x65, 0x72, 0x52, 
0x65, 0x63, 0x65, 0x69, 0x76, 0x65, 0x72, 0x00, 0x17, 0x72, 0x65, 0x67, 0x69, 0x73, 0x74, 0x65, 
0x72, 0x52, 0x65, 0x63, 0x65, 0x69, 0x76, 0x65, 0x72, 0x20, 0x66, 0x61, 0x69, 0x6c, 0x65, 0x64, 
0x00, 0x11, 0x72, 0x65, 0x67, 0x69, 0x73, 0x74, 0x65, 0x72, 0x52, 0x65, 0x63, 0x65, 0x69, 0x76, 
0x65, 0x72, 0x73, 0x00, 0x0f, 0x72, 0x65, 0x6d, 0x6f, 0x76, 0x65, 0x43, 0x61, 0x6c, 0x6c, 0x62, 
0x61, 0x63, 0x6b, 0x73, 0x00, 0x1a, 0x72, 0x65, 0x6d, 0x6f, 0x76, 0x65, 0x43, 0x61, 0x6c, 0x6c, 
0x62, 0x61, 0x63, 0x6b, 0x73, 0x41, 0x6e, 0x64, 0x4d, 0x65, 0x73, 0x73, 0x61, 0x67, 0x65, 0x73, 
0x00, 0x0e, 0x72, 0x65, 0x71, 0x75, 0x65, 0x73, 0x74, 0x43, 0x75, 0x72, 0x72, 0x65, 0x6e, 0x74, 
0x00, 0x0d, 0x72, 0x65, 0x71, 0x75, 0x65, 0x73, 0x74, 0x4c, 0x61, 0x79, 0x6f, 0x75, 0x74, 0x00, 
0x13, 0x72, 0x65, 0x71, 0x75, 0x65, 0x73, 0x74, 0x53, 0x79, 0x73, 0x66, 0x73, 0x43, 0x75, 0x72, 
0x72, 0x65, 0x6e, 0x74, 0x00, 0x11, 0x72, 0x65, 0x73, 0x6f, 0x6c, 0x76, 0x65, 0x52, 0x65, 0x66, 
0x6c, 0x65, 0x63, 0x74, 0x69, 0x6f, 0x6e, 0x00, 0x0f, 0x72, 0x65, 0x73, 0x6f, 0x6c, 0x76, 0x65, 
0x54, 0x79, 0x70, 0x65, 0x66, 0x61, 0x63, 0x65, 0x00, 0x05, 0x72, 0x6f, 0x75, 0x6e, 0x64, 0x00, 
0x03, 0x72, 0x75, 0x6e, 0x00, 0x0d, 0x73, 0x42, 0x6f, 0x6c, 0x64, 0x54, 0x79, 0x70, 0x65, 0x66, 
0x61, 0x63, 0x65, 0x00, 0x11, 0x73, 0x42, 0x6f, 0x6c, 0x64, 0x54, 0x79, 0x70, 0x65, 0x66, 0x61, 
0x63, 0x65, 0x42, 0x61, 0x73, 0x65, 0x00, 0x0f, 0x73, 0x47, 0x65, 0x74, 0x57, 0x6d, 0x67, 0x49, 
0x6e, 0x73, 0x74, 0x61, 0x6e, 0x63, 0x65, 0x00, 0x09, 0x73, 0x49, 0x6e, 0x73, 0x74, 0x61, 0x6e, 
0x63, 0x65, 0x00, 0x0e, 0x73, 0x4d, 0x69, 0x53, 0x61, 0x6e, 0x73, 0x43, 0x68, 0x65, 0x63, 0x6b, 
0x65, 0x64, 0x00, 0x0f, 0x73, 0x4d, 0x69, 0x53, 0x61, 0x6e, 0x73, 0x54, 0x79, 0x70, 0x65, 0x66, 
0x61, 0x63, 0x65, 0x00, 0x10, 0x73, 0x52, 0x65, 0x66, 0x6c, 0x65, 0x63, 0x74, 0x69, 0x6f, 0x6e, 
0x52, 0x65, 0x61, 0x64, 0x79, 0x00, 0x0e, 0x73, 0x57, 0x6d, 0x67, 0x56, 0x69, 0x65, 0x77, 0x73, 
0x46, 0x69, 0x65, 0x6c, 0x64, 0x00, 0x0e, 0x73, 0x63, 0x68, 0x65, 0x64, 0x75, 0x6c, 0x65, 0x41, 
0x74, 0x74, 0x61, 0x63, 0x68, 0x00, 0x12, 0x73, 0x63, 0x68, 0x65, 0x64, 0x75, 0x6c, 0x65, 0x4c, 
0x69, 0x76, 0x65, 0x53, 0x61, 0x6d, 0x70, 0x6c, 0x65, 0x00, 0x16, 0x73, 0x63, 0x68, 0x65, 0x64, 
0x75, 0x6c, 0x65, 0x4e, 0x65, 0x78, 0x74, 0x53, 0x61, 0x6d, 0x70, 0x6c, 0x65, 0x54, 0x69, 0x63, 
0x6b, 0x00, 0x0d, 0x73, 0x65, 0x74, 0x41, 0x63, 0x63, 0x65, 0x73, 0x73, 0x69, 0x62, 0x6c, 0x65, 
0x00, 0x08, 0x73, 0x65, 0x74, 0x43, 0x6f, 0x6c, 0x6f, 0x72, 0x00, 0x0a, 0x73, 0x65, 0x74, 0x43, 
0x6f, 0x6e, 0x74, 0x65, 0x6e, 0x74, 0x00, 0x15, 0x73, 0x65, 0x74, 0x43, 0x6f, 0x6e, 0x74, 0x65, 
0x6e, 0x74, 0x44, 0x65, 0x73, 0x63, 0x72, 0x69, 0x70, 0x74, 0x69, 0x6f, 0x6e, 0x00, 0x09, 0x73, 
0x65, 0x74, 0x4c, 0x65, 0x6e, 0x67, 0x74, 0x68, 0x00, 0x14, 0x73, 0x65, 0x74, 0x4d, 0x65, 0x61, 
0x73, 0x75, 0x72, 0x65, 0x64, 0x44, 0x69, 0x6d, 0x65, 0x6e, 0x73, 0x69, 0x6f, 0x6e, 0x00, 0x06, 
0x73, 0x65, 0x74, 0x54, 0x61, 0x67, 0x00, 0x0b, 0x73, 0x65, 0x74, 0x54, 0x65, 0x78, 0x74, 0x53, 
0x69, 0x7a, 0x65, 0x00, 0x0b, 0x73, 0x65, 0x74, 0x54, 0x79, 0x70, 0x65, 0x66, 0x61, 0x63, 0x65, 
0x00, 0x0d, 0x73, 0x65, 0x74, 0x56, 0x69, 0x73, 0x69, 0x62, 0x69, 0x6c, 0x69, 0x74, 0x79, 0x00, 
0x0e, 0x73, 0x65, 0x74, 0x57, 0x69, 0x6c, 0x6c, 0x4e, 0x6f, 0x74, 0x44, 0x72, 0x61, 0x77, 0x00, 
0x04, 0x73, 0x69, 0x7a, 0x65, 0x00, 0x05, 0x73, 0x74, 0x61, 0x72, 0x74, 0x00, 0x13, 0x73, 0x74, 
0x61, 0x72, 0x74, 0x43, 0x6f, 0x6e, 0x66, 0x69, 0x67, 0x4f, 0x62, 0x73, 0x65, 0x72, 0x76, 0x65, 
0x72, 0x00, 0x0d, 0x73, 0x74, 0x61, 0x72, 0x74, 0x53, 0x61, 0x6d, 0x70, 0x6c, 0x69, 0x6e, 0x67, 
0x00, 0x0d, 0x73, 0x74, 0x61, 0x72, 0x74, 0x57, 0x61, 0x74, 0x63, 0x68, 0x69, 0x6e, 0x67, 0x00, 
0x0a, 0x73, 0x74, 0x61, 0x72, 0x74, 0x73, 0x57, 0x69, 0x74, 0x68, 0x00, 0x06, 0x73, 0x74, 0x61, 
0x74, 0x75, 0x73, 0x00, 0x06, 0x73, 0x74, 0x69, 0x63, 0x6b, 0x79, 0x00, 0x0c, 0x73, 0x74, 0x6f, 
0x70, 0x53, 0x61, 0x6d, 0x70, 0x6c, 0x69, 0x6e, 0x67, 0x00, 0x0b, 0x73, 0x79, 0x73, 0x66, 0x73, 
0x5f, 0x65, 0x76, 0x65, 0x6e, 0x74, 0x00, 0x0e, 0x73, 0x79, 0x73, 0x74, 0x65, 0x6d, 0x46, 0x61, 
0x6c, 0x6c, 0x62, 0x61, 0x63, 0x6b, 0x00, 0x09, 0x74, 0x65, 0x6d, 0x70, 0x5f, 0x75, 0x6e, 0x69, 
0x74, 0x00, 0x0b, 0x74, 0x65, 0x6d, 0x70, 0x65, 0x72, 0x61, 0x74, 0x75, 0x72, 0x65, 0x00, 0x06, 
0x74, 0x68, 0x69, 0x73, 0x24, 0x30, 0x00, 0x06, 0x74, 0x68, 0x69, 0x73, 0x24, 0x31, 0x00, 0x0b, 
0x74, 0x6f, 0x4c, 0x6f, 0x77, 0x65, 0x72, 0x43, 0x61, 0x73, 0x65, 0x00, 0x08, 0x74, 0x6f, 0x53, 
0x74, 0x72, 0x69, 0x6e, 0x67, 0x00, 0x03, 0x74, 0x6f, 0x70, 0x00, 0x04, 0x74, 0x72, 0x69, 0x6d, 
0x00, 0x09, 0x74, 0x72, 0x79, 0x41, 0x74, 0x74, 0x61, 0x63, 0x68, 0x00, 0x14, 0x75, 0x70, 0x64, 
0x61, 0x74, 0x65, 0x43, 0x6f, 0x75, 0x6e, 0x74, 0x65, 0x72, 0x43, 0x75, 0x72, 0x72, 0x65, 0x6e, 
0x74, 0x00, 0x0a, 0x76, 0x61, 0x6c, 0x24, 0x62, 0x65, 0x66, 0x6f, 0x72, 0x65, 0x00, 0x0c, 0x76, 
0x61, 0x6c, 0x24, 0x63, 0x61, 0x6c, 0x6c, 0x62, 0x61, 0x63, 0x6b, 0x00, 0x07, 0x76, 0x61, 0x6c, 
0x24, 0x67, 0x65, 0x6e, 0x00, 0x0d, 0x76, 0x61, 0x6c, 0x24, 0x6d, 0x69, 0x6c, 0x6c, 0x69, 0x61, 
0x6d, 0x70, 0x73, 0x00, 0x09, 0x76, 0x61, 0x6c, 0x24, 0x76, 0x61, 0x6c, 0x69, 0x64, 0x00, 0x05, 
0x76, 0x61, 0x6c, 0x75, 0x65, 0x00, 0x07, 0x76, 0x61, 0x6c, 0x75, 0x65, 0x4f, 0x66, 0x00, 0x07, 
0x76, 0x6f, 0x6c, 0x74, 0x61, 0x67, 0x65, 0x00, 0x01, 0x77, 0x00, 0x07, 0x7a, 0x65, 0x72, 0x6f, 
0x5f, 0x69, 0x6f, 0x00, 0x9b, 0x01, 0x7e, 0x7e, 0x44, 0x38, 0x7b, 0x22, 0x62, 0x61, 0x63, 0x6b, 
0x65, 0x6e, 0x64, 0x22, 0x3a, 0x22, 0x64, 0x65, 0x78, 0x22, 0x2c, 0x22, 0x63, 0x6f, 0x6d, 0x70, 
0x69, 0x6c, 0x61, 0x74, 0x69, 0x6f, 0x6e, 0x2d, 0x6d, 0x6f, 0x64, 0x65, 0x22, 0x3a, 0x22, 0x64, 
0x65, 0x62, 0x75, 0x67, 0x22, 0x2c, 0x22, 0x68, 0x61, 0x73, 0x2d, 0x63, 0x68, 0x65, 0x63, 0x6b, 
0x73, 0x75, 0x6d, 0x73, 0x22, 0x3a, 0x66, 0x61, 0x6c, 0x73, 0x65, 0x2c, 0x22, 0x6d, 0x69, 0x6e, 
0x2d, 0x61, 0x70, 0x69, 0x22, 0x3a, 0x31, 0x2c, 0x22, 0x73, 0x68, 0x61, 0x2d, 0x31, 0x22, 0x3a, 
0x22, 0x30, 0x38, 0x34, 0x61, 0x38, 0x39, 0x31, 0x32, 0x36, 0x61, 0x65, 0x30, 0x35, 0x39, 0x36, 
0x63, 0x35, 0x39, 0x39, 0x31, 0x34, 0x33, 0x64, 0x66, 0x35, 0x37, 0x61, 0x36, 0x35, 0x34, 0x36, 
0x34, 0x36, 0x61, 0x66, 0x32, 0x38, 0x33, 0x31, 0x33, 0x22, 0x2c, 0x22, 0x76, 0x65, 0x72, 0x73, 
0x69, 0x6f, 0x6e, 0x22, 0x3a, 0x22, 0x39, 0x2e, 0x32, 0x2e, 0x34, 0x2d, 0x64, 0x65, 0x76, 0x22, 
0x7d, 0x00, 0x02, 0xc2, 0xb0, 0x43, 0x00, 0x01, 0x4a, 0x01, 0xba, 0x04, 0x1b, 0x80, 0x01, 0x48, 
0x01, 0xba, 0x04, 0x1b, 0x81, 0x02, 0x31, 0x01, 0xba, 0x04, 0x1a, 0x8f, 0x02, 0x32, 0x02, 0x8f, 
0x02, 0x04, 0x00, 0xdc, 0x03, 0x1e, 0x02, 0x30, 0x01, 0xba, 0x04, 0x18, 0x2a, 0x02, 0x32, 0x02, 
0x8f, 0x02, 0x24, 0x08, 0x06, 0xdc, 0x03, 0x17, 0x5d, 0x02, 0x30, 0x01, 0xba, 0x04, 0x18, 0x2e, 
0x02, 0x34, 0x01, 0xba, 0x04, 0x1c, 0x01, 0x17, 0x10, 0x02, 0x31, 0x01, 0xba, 0x04, 0x1a, 0x48, 
0x01, 0x1f, 0x03, 0xec, 0x02, 0x17, 0xae, 0xda, 0x03, 0x37, 0x7f, 0x01, 0xf7, 0x03, 0x17, 0x11, 
0x02, 0x35, 0x01, 0xba, 0x04, 0x1c, 0x01, 0x18, 0x45, 0x02, 0x31, 0x01, 0xba, 0x04, 0x1a, 0x97, 
0x02, 0x31, 0x01, 0xba, 0x04, 0x1a, 0xa1, 0x02, 0x33, 0x01, 0xba, 0x04, 0x1c, 0x01, 0x18, 0x2d, 
0x00, 0x00, 0x00, 0x03, 0x39, 0x81, 0x08, 0x00, 0x01, 0x81, 0x08, 0x00, 0x01, 0x81, 0x08, 0x00, 
0x00, 0x00, 0x01, 0x00, 0x3c, 0x89, 0x20, 0xa8, 0x3e, 0x00, 0x01, 0x01, 0x01, 0x06, 0x90, 0x20, 
0x3d, 0x80, 0x80, 0x04, 0xf8, 0x3e, 0x3e, 0x01, 0x94, 0x3f, 0x00, 0x01, 0x01, 0x01, 0x07, 0x90, 
0x20, 0x3f, 0x80, 0x80, 0x04, 0x88, 0x40, 0x40, 0x01, 0xa4, 0x40, 0x00, 0x01, 0x01, 0x01, 0x08, 
0x90, 0x20, 0x41, 0x80, 0x80, 0x04, 0xe8, 0x41, 0x42, 0x01, 0x84, 0x42, 0x00, 0x00, 0x00, 0x01, 
0x98, 0x01, 0x81, 0x08, 0x00, 0x00, 0x01, 0x01, 0x01, 0x09, 0x90, 0x20, 0x43, 0x80, 0x80, 0x04, 
0xa0, 0x46, 0x44, 0x01, 0xbc, 0x46, 0x00, 0x02, 0x01, 0x01, 0x0a, 0x90, 0x20, 0x01, 0x90, 0x20, 
0x45, 0x80, 0x80, 0x04, 0x88, 0x48, 0x46, 0x01, 0xa8, 0x48, 0x00, 0x01, 0x01, 0x01, 0x0c, 0x90, 
0x20, 0x47, 0x80, 0x80, 0x04, 0xa4, 0x4a, 0x48, 0x01, 0xc0, 0x4a, 0x00, 0x01, 0x01, 0x02, 0x0d, 
0x90, 0x20, 0x49, 0x80, 0x80, 0x04, 0x9c, 0x4c, 0x4a, 0x01, 0xb8, 0x4c, 0x01, 0x01, 0xa8, 0x4d, 
0x00, 0x01, 0x01, 0x01, 0x0e, 0x90, 0x20, 0x4c, 0x80, 0x80, 0x04, 0xe8, 0x4d, 0x4d, 0x01, 0x84, 
0x4e, 0x00, 0x01, 0x01, 0x01, 0x0f, 0x91, 0x20, 0x4e, 0x81, 0xa0, 0x04, 0xe0, 0x4f, 0x4f, 0x11, 
0xc0, 0x4f, 0x13, 0x34, 0x43, 0x00, 0x10, 0x1a, 0x01, 0x1a, 0x01, 0x1a, 0x01, 0x1a, 0x01, 0x1a, 
0x01, 0x1a, 0x01, 0x1a, 0x01, 0x1a, 0x01, 0x1a, 0x01, 0x1a, 0x01, 0x1a, 0x01, 0x19, 0x01, 0x19, 
0x01, 0x19, 0x01, 0x1a, 0x37, 0x0a, 0x01, 0x0a, 0x01, 0x0a, 0x01, 0x0a, 0x1f, 0x12, 0x01, 0x02, 
0x01, 0x12, 0x01, 0x02, 0x01, 0x02, 0x01, 0x02, 0x01, 0x02, 0x01, 0x02, 0x01, 0x02, 0x01, 0x12, 
0x01, 0x02, 0x01, 0x02, 0x01, 0x02, 0x01, 0x12, 0x01, 0x02, 0x01, 0x02, 0x01, 0x02, 0x01, 0x02, 
0x01, 0x02, 0x01, 0x02, 0x01, 0x02, 0x01, 0x02, 0x01, 0x42, 0x01, 0x02, 0x01, 0x02, 0x01, 0x02, 
0x01, 0x02, 0x03, 0x12, 0x01, 0x02, 0x01, 0x02, 0x01, 0x02, 0x01, 0x02, 0x01, 0x02, 0x01, 0x02, 
0x01, 0x02, 0x01, 0x12, 0x01, 0x02, 0x01, 0x12, 0x01, 0x12, 0x01, 0x12, 0x01, 0x02, 0x01, 0x12, 
0x01, 0x02, 0x01, 0x02, 0x01, 0x02, 0x01, 0x02, 0x01, 0x02, 0x01, 0x02, 0x01, 0x02, 0x01, 0x02, 
0x01, 0x02, 0x01, 0x02, 0x50, 0x89, 0x20, 0xf8, 0x6f, 0x01, 0xc8, 0x20, 0x8c, 0x6e, 0x01, 0xc8, 
0x20, 0xc0, 0x66, 0x01, 0xc8, 0x20, 0xd8, 0x66, 0x01, 0xc8, 0x20, 0x9c, 0x64, 0x01, 0xc8, 0x20, 
0xa4, 0x6e, 0x01, 0xc8, 0x20, 0xbc, 0x6e, 0x01, 0xc8, 0x20, 0xf4, 0x71, 0x01, 0xc8, 0x20, 0xf0, 
0x66, 0x01, 0xc8, 0x20, 0xd4, 0x6e, 0x01, 0xc8, 0x20, 0xf4, 0x6d, 0x01, 0xc8, 0x20, 0x80, 0x76, 
0x01, 0xc8, 0x20, 0x98, 0x76, 0x01, 0xc8, 0x20, 0xb0, 0x76, 0x01, 0xc8, 0x20, 0xc8, 0x76, 0x01, 
0xc8, 0x20, 0xe0, 0x76, 0x01, 0xc8, 0x20, 0xf8, 0x76, 0x01, 0xc8, 0x20, 0x90, 0x77, 0x01, 0xc8, 
0x20, 0xa8, 0x77, 0x01, 0xc8, 0x20, 0xc0, 0x77, 0x01, 0xc8, 0x20, 0xd8, 0x77, 0x01, 0xc8, 0x20, 
0xf0, 0x77, 0x01, 0xc8, 0x20, 0x88, 0x78, 0x01, 0xc8, 0x20, 0x88, 0x67, 0x01, 0xc8, 0x20, 0xa0, 
0x78, 0x01, 0xc8, 0x20, 0xb8, 0x78, 0x01, 0xc8, 0x20, 0xd0, 0x78, 0x01, 0xc8, 0x20, 0xe8, 0x78, 
0x01, 0xc8, 0x20, 0x80, 0x79, 0x01, 0xc8, 0x20, 0x98, 0x79, 0x01, 0xc8, 0x20, 0xb0, 0x79, 0x01, 
0xc8, 0x20, 0xc8, 0x79, 0x01, 0xc8, 0x20, 0xe0, 0x79, 0x01, 0xc8, 0x20, 0xa4, 0x67, 0x01, 0x88, 
0x80, 0x04, 0xf8, 0x79, 0x01, 0x82, 0x80, 0x04, 0x9c, 0x7a, 0x01, 0x0a, 0xcc, 0x7c, 0x01, 0x02, 
0xe8, 0x7d, 0x01, 0x02, 0xb4, 0x64, 0x01, 0x02, 0xdc, 0x64, 0x01, 0x02, 0x8c, 0x72, 0x01, 0x02, 
0xfc, 0x72, 0x01, 0x02, 0xc0, 0x73, 0x01, 0x02, 0xd4, 0x7f, 0x01, 0x09, 0x8c, 0x80, 0x01, 0x01, 
0x02, 0x80, 0x81, 0x01, 0x01, 0x02, 0xc0, 0x67, 0x01, 0x0a, 0xf8, 0x67, 0x01, 0x82, 0x20, 0x94, 
0x70, 0x01, 0x02, 0xf8, 0x82, 0x01, 0x01, 0x02, 0xf4, 0x87, 0x01, 0x01, 0x02, 0xf0, 0x88, 0x01, 
0x01, 0x0a, 0xec, 0x6e, 0x01, 0x02, 0x98, 0x8c, 0x01, 0x01, 0x0a, 0xb4, 0x74, 0x01, 0x02, 0xb4, 
0x8e, 0x01, 0x01, 0x02, 0xb4, 0x94, 0x01, 0x01, 0x02, 0xe4, 0x95, 0x01, 0x01, 0x0a, 0xd0, 0x68, 
0x01, 0x02, 0x84, 0x96, 0x01, 0x02, 0x02, 0xf8, 0x96, 0x01, 0x01, 0x02, 0xf0, 0x97, 0x01, 0x01, 
0x02, 0x84, 0x9a, 0x01, 0x01, 0x02, 0xa4, 0x9b, 0x01, 0x01, 0x02, 0xf4, 0x9b, 0x01, 0x01, 0x02, 
0x90, 0x6a, 0x01, 0x02, 0xa4, 0x9c, 0x01, 0x00, 0x03, 0x01, 0x01, 0x59, 0x90, 0x20, 0x01, 0x90, 
0x20, 0x01, 0x90, 0x20, 0x94, 0x01, 0x80, 0x80, 0x04, 0xfc, 0x4f, 0x95, 0x01, 0x01, 0xa0, 0x50, 
0x00, 0x03, 0x01, 0x01, 0x5c, 0x90, 0x20, 0x01, 0x90, 0x20, 0x01, 0x90, 0x20, 0x96, 0x01, 0x80, 
0x80, 0x04, 0x88, 0x51, 0x97, 0x01, 0x01, 0xac, 0x51, 0x01, 0x05, 0x07, 0x02, 0x5f, 0x1a, 0x60, 
0x02, 0x01, 0x12, 0x01, 0x02, 0x01, 0x12, 0x01, 0x02, 0x99, 0x01, 0xc8, 0x20, 0xd4, 0x53, 0x01, 
0xc8, 0x20, 0xc4, 0x52, 0x01, 0xc8, 0x20, 0xbc, 0x56, 0x01, 0xc8, 0x20, 0xec, 0x53, 0x01, 0x80, 
0x80, 0x04, 0xd4, 0x56, 0x02, 0x02, 0xdc, 0x52, 0x01, 0x0a, 0x88, 0x54, 0x9e, 0x01, 0x00, 0x94, 
0x57, 0x03, 0x00, 0xcc, 0x57, 0x06, 0x15, 0x04, 0x05, 0x65, 0x1a, 0x01, 0x19, 0x16, 0x0a, 0x01, 
0x0a, 0x01, 0x0a, 0x01, 0x0a, 0x67, 0x02, 0x01, 0x02, 0x01, 0x02, 0x01, 0x02, 0x01, 0x02, 0x01, 
0x12, 0x01, 0x02, 0x01, 0x02, 0x01, 0x02, 0x01, 0x02, 0x01, 0x02, 0x01, 0x02, 0x01, 0x02, 0x01, 
0x02, 0x01, 0x02, 0x01, 0x12, 0x01, 0x02, 0x01, 0x02, 0x01, 0x02, 0x01, 0x02, 0x01, 0x02, 0xa2, 
0x01, 0x81, 0x80, 0x04, 0xbc, 0x5a, 0x0a, 0x02, 0xc0, 0x5f, 0x02, 0x0a, 0x98, 0x58, 0x07, 0x0a, 
0x84, 0x59, 0xa4, 0x01, 0x01, 0xe4, 0x5b, 0x02, 0x01, 0xa4, 0x5a, 0x04, 0x04, 0xb0, 0x5e, 0x01, 
0x04, 0x8c, 0x5f, 0x04, 0x01, 0xdc, 0x62, 0x0f, 0x06, 0x78, 0x26, 0xc4, 0x09, 0x1e, 0x26, 0x88, 
0x13, 0x17, 0x3c, 0x17, 0x3d, 0x06, 0x64, 0x17, 0x3e, 0x37, 0x25, 0x01, 0x04, 0x40, 0x24, 0xa0, 
0x0f, 0x04, 0x02, 0x04, 0x01, 0x04, 0x00, 0x17, 0x4e, 0x01, 0x17, 0x3f, 0x02, 0x10, 0x40, 0x37, 
0x1f, 0x01, 0x00, 0x00, 0x00, 0x00, 0x00, 0x00, 0x02, 0x00, 0x00, 0x00, 0xde, 0x7b, 0x00, 0x00, 
0xd7, 0x7b, 0x00, 0x00, 0x02, 0x00, 0x00, 0x00, 0xe5, 0x7b, 0x00, 0x00, 0xec, 0x7b, 0x00, 0x00, 
0x02, 0x00, 0x00, 0x00, 0xf6, 0x7b, 0x00, 0x00, 0xec, 0x7b, 0x00, 0x00, 0x02, 0x00, 0x00, 0x00, 
0x09, 0x7c, 0x00, 0x00, 0xfd, 0x7b, 0x00, 0x00, 0x01, 0x00, 0x00, 0x00, 0x10, 0x7c, 0x00, 0x00, 
0x02, 0x00, 0x00, 0x00, 0x19, 0x7c, 0x00, 0x00, 0xec, 0x7b, 0x00, 0x00, 0x01, 0x00, 0x00, 0x00, 
0x20, 0x7c, 0x00, 0x00, 0x01, 0x00, 0x00, 0x00, 0x30, 0x7c, 0x00, 0x00, 0x02, 0x00, 0x00, 0x00, 
0x39, 0x7c, 0x00, 0x00, 0xec, 0x7b, 0x00, 0x00, 0x02, 0x00, 0x00, 0x00, 0x40, 0x7c, 0x00, 0x00, 
0xec, 0x7b, 0x00, 0x00, 0x01, 0x00, 0x00, 0x00, 0x47, 0x7c, 0x00, 0x00, 0xe8, 0x7f, 0x00, 0x00, 
0x00, 0x00, 0x00, 0x00, 0x00, 0x00, 0x00, 0x00, 0x00, 0x00, 0x00, 0x00, 0xf4, 0x7f, 0x00, 0x00, 
0x00, 0x00, 0x00, 0x00, 0x00, 0x00, 0x00, 0x00, 0x00, 0x00, 0x00, 0x00, 0x00, 0x80, 0x00, 0x00, 
0x00, 0x00, 0x00, 0x00, 0x00, 0x00, 0x00, 0x00, 0x00, 0x00, 0x00, 0x00, 0x0c, 0x80, 0x00, 0x00, 
0x00, 0x00, 0x00, 0x00, 0x00, 0x00, 0x00, 0x00, 0x00, 0x00, 0x00, 0x00, 0x20, 0x80, 0x00, 0x00, 
0x00, 0x00, 0x00, 0x00, 0x01, 0x00, 0x00, 0x00, 0x00, 0x00, 0x00, 0x00, 0x45, 0x00, 0x00, 0x00, 
0x18, 0x80, 0x00, 0x00, 0x2c, 0x80, 0x00, 0x00, 0x00, 0x00, 0x00, 0x00, 0x00, 0x00, 0x00, 0x00, 
0x00, 0x00, 0x00, 0x00, 0xe4, 0x7f, 0x00, 0x00, 0x00, 0x00, 0x00, 0x00, 0x01, 0x00, 0x00, 0x00, 
0x00, 0x00, 0x00, 0x00, 0x80, 0x00, 0x00, 0x00, 0x34, 0x80, 0x00, 0x00, 0x3c, 0x80, 0x00, 0x00, 
0x00, 0x00, 0x00, 0x00, 0x01, 0x00, 0x00, 0x00, 0x00, 0x00, 0x00, 0x00, 0x94, 0x00, 0x00, 0x00, 
0x18, 0x80, 0x00, 0x00, 0x48, 0x80, 0x00, 0x00, 0x00, 0x00, 0x00, 0x00, 0x01, 0x00, 0x00, 0x00, 
0x00, 0x00, 0x00, 0x00, 0x96, 0x00, 0x00, 0x00, 0x18, 0x80, 0x00, 0x00, 0x54, 0x80, 0x00, 0x00, 
0x00, 0x00, 0x00, 0x00, 0x00, 0x00, 0x00, 0x00, 0x00, 0x00, 0x00, 0x00, 0x11, 0x00, 0x00, 0x00, 
0x00, 0x00, 0x00, 0x00, 0x01, 0x00, 0x00, 0x00, 0x00, 0x00, 0x00, 0x00, 0x01, 0x00, 0x00, 0x00, 
0x41, 0x02, 0x00, 0x00, 0x70, 0x00, 0x00, 0x00, 0x02, 0x00, 0x00, 0x00, 0x5e, 0x00, 0x00, 0x00, 
0x74, 0x09, 0x00, 0x00, 0x03, 0x00, 0x00, 0x00, 0x7f, 0x00, 0x00, 0x00, 0xec, 0x0a, 0x00, 0x00, 
0x04, 0x00, 0x00, 0x00, 0x83, 0x00, 0x00, 0x00, 0xe0, 0x10, 0x00, 0x00, 0x05, 0x00, 0x00, 0x00, 
0x02, 0x01, 0x00, 0x00, 0xf8, 0x14, 0x00, 0x00, 0x06, 0x00, 0x00, 0x00, 0x11, 0x00, 0x00, 0x00, 
0x08, 0x1d, 0x00, 0x00, 0x01, 0x20, 0x00, 0x00, 0x6d, 0x00, 0x00, 0x00, 0x28, 0x1f, 0x00, 0x00, 
0x03, 0x20, 0x00, 0x00, 0x47, 0x00, 0x00, 0x00, 0x32, 0x4f, 0x00, 0x00, 0x01, 0x10, 0x00, 0x00, 
0x45, 0x00, 0x00, 0x00, 0xa4, 0x54, 0x00, 0x00, 0x02, 0x20, 0x00, 0x00, 0x41, 0x02, 0x00, 0x00, 
0x20, 0x57, 0x00, 0x00, 0x04, 0x20, 0x00, 0x00, 0x0e, 0x00, 0x00, 0x00, 0xd7, 0x7b, 0x00, 0x00, 
0x00, 0x20, 0x00, 0x00, 0x11, 0x00, 0x00, 0x00, 0x50, 0x7c, 0x00, 0x00, 0x05, 0x20, 0x00, 0x00, 
0x03, 0x00, 0x00, 0x00, 0xb7, 0x7f, 0x00, 0x00, 0x03, 0x10, 0x00, 0x00, 0x0c, 0x00, 0x00, 0x00, 
0xe4, 0x7f, 0x00, 0x00, 0x06, 0x20, 0x00, 0x00, 0x0a, 0x00, 0x00, 0x00, 0x5c, 0x80, 0x00, 0x00, 
0x00, 0x10, 0x00, 0x00, 0x01, 0x00, 0x00, 0x00, 0x1c, 0x81, 0x00, 0x00, 
};
